,NC_031281,NC_015252,NC_028911,NC_009552,NC_028804,NC_028784,NC_022329,NC_028897,NC_027339,NC_029031,NC_028892,NC_004775,NC_009531,NC_030904,NC_020483,NC_019932,NC_018085,NC_019402,NC_009813,NC_031077,NC_021794,NC_028896,NC_002668,NC_027397,NC_025428,NC_017968,NC_024213,NC_024137,NC_019921,NC_012784,NC_031129,NC_009812,NC_029116,NC_024365,NC_022749,NC_012756,NC_028764,NC_004066,NC_019502,NC_002670,NC_024370,NC_019513,NC_023500,NC_019507,NC_029010,NC_021800,NC_029078,NC_003216,NC_022758,NC_013696,NC_021539,NC_021789,NC_003524,NC_007058,NC_003291,NC_028905,NC_002667,NC_029008,NC_009231,NC_028856,NC_021796,NC_026609,NC_022767,NC_011318,NC_011802,NC_002671,NC_029073,NC_025470,NC_028656,NC_019931,NC_028931,NC_028886,NC_029025,NC_002321,NC_023589,NC_009810,NC_028903,NC_031016,NC_019715,NC_024384,NC_002796,NC_028851,NC_024387,NC_007045,NC_025460,NC_004996,NC_007458,NC_020873,NC_005354,NC_021792,NC_004313,NC_008721,NC_021326,NC_009815,NC_006949,NC_006557,NC_020482,NC_019508,NC_025461,NC_029069,NC_017985,NC_024788,NC_021864,NC_027990,NC_023007,NC_007917,NC_019422,NC_031264,NC_018283,NC_013059,NC_011976,NC_028835,NC_029003,NC_027299,NC_016654,NC_027393,NC_005891,NC_005879,NC_025427,NC_005262,NC_026594,NC_005357,NC_024141,NC_019710,NC_028696,NC_017973,NC_003315,NC_001697,NC_028952,NC_028677,NC_028910,NC_001396,NC_022750,NC_004745,NC_022757,NC_028943,NC_024211,NC_028888,NC_018279,NC_019486,NC_023718,NC_002669,NC_019708,NC_031091,NC_022747,NC_027398,NC_031041,NC_007024,NC_021339,NC_011373,NC_022330,NC_022085,NC_016652,NC_022324,NC_021332,NC_011022,NC_027986,NC_023706,NC_031019,NC_001317,NC_028999,NC_025436,NC_028980,NC_016650
NC_031281,,58,25,42,45,45,50,64,42,45,25,42,40,20,38,30,33,27,33,25,33,44,25,25,11,13,40,20,8,8,25,20,18,17,17,25,33,33,22,17,8,20,17,33,38,63,71,38,40,43,38,43,50,42,50,25,42,29,33,75,75,33,33,50,17,42,25,50,33,43,22,27,33,36,50,25,25,50,50,30,14,40,38,43,17,17,17,17,29,57,33,33,67,60,67,71,27,33,25,29,50,0,20,40,0,0,25,44,40,56,56,63,14,25,17,0,0,0,17,13,20,17,14,14,11,13,0,0,33,29,14,0,17,17,60,29,33,25,14,20,40,22,17,40,42,36,0,0,43,67,33,33,44,57,14,29,0,0,0,0,10,8,0,0
NC_015252,58,,33,38,46,46,43,62,42,54,25,43,8,33,40,17,33,45,36,20,27,27,21,38,27,30,43,29,29,29,14,17,38,29,17,17,46,33,11,36,25,60,42,38,40,60,67,40,29,44,40,44,40,43,40,21,29,22,20,50,67,36,36,40,13,57,36,60,36,67,36,31,21,31,42,43,29,38,38,42,22,29,50,44,13,13,13,21,44,33,25,36,50,43,50,44,38,25,17,22,33,0,14,25,0,0,17,27,33,45,45,60,11,20,13,0,0,0,13,10,33,23,22,11,9,20,10,10,25,44,33,0,25,25,43,44,38,20,11,29,29,45,25,42,29,23,29,14,44,60,38,38,45,44,22,22,0,25,0,0,8,8,11,0
NC_028911,25,33,,62,27,27,25,27,8,18,42,17,40,20,25,30,25,17,22,38,11,22,23,31,22,25,20,0,31,31,38,50,18,31,17,17,42,25,40,54,23,18,42,50,50,38,43,50,0,43,50,29,38,38,25,33,38,14,33,25,25,44,44,25,0,23,31,63,15,43,33,55,33,36,31,46,31,33,33,30,57,40,25,29,17,17,33,31,14,14,17,8,33,40,33,14,18,17,50,43,50,20,60,40,100,0,75,22,30,44,44,50,29,25,33,17,17,17,67,38,40,42,43,57,11,13,25,25,33,43,86,60,67,67,40,14,0,63,43,40,0,44,0,20,31,27,20,20,29,100,17,17,44,29,57,43,20,0,17,17,30,17,29,17
NC_009552,42,38,62,,33,33,31,42,25,33,33,15,27,27,33,27,42,25,30,33,50,40,40,13,20,33,67,50,47,47,53,64,42,47,33,50,54,50,64,47,21,17,25,31,44,33,50,33,17,50,44,50,33,43,33,31,33,13,25,40,40,50,30,22,14,20,36,67,20,63,50,33,23,33,29,21,27,29,29,36,50,67,56,38,29,29,29,36,25,25,14,20,43,17,43,25,33,14,20,38,20,17,17,36,0,0,20,20,9,40,40,33,13,11,14,14,14,14,29,22,27,23,13,50,20,22,22,22,29,50,50,17,29,29,17,38,29,33,38,33,33,30,0,36,27,25,17,0,38,50,14,14,20,25,38,13,0,33,0,0,18,17,25,14
NC_028804,45,46,27,33,,100,100,77,55,46,36,57,25,29,50,31,45,40,54,8,14,0,13,8,7,15,20,20,21,19,25,33,15,19,18,18,17,27,38,19,27,33,9,25,25,42,33,31,40,33,23,8,23,23,23,15,25,0,0,11,22,23,33,15,18,19,13,17,13,33,58,31,62,46,18,13,43,55,36,20,8,10,31,33,27,18,27,31,25,8,9,19,27,30,36,33,13,0,11,8,0,0,10,27,0,0,22,29,20,36,36,46,8,31,18,18,18,18,27,25,29,25,33,17,0,8,17,17,36,33,50,20,36,36,20,58,45,31,25,30,30,36,27,25,31,15,40,30,33,25,18,18,14,33,17,25,10,14,18,18,13,18,17,9
NC_028784,45,46,27,33,100,,100,77,55,46,36,57,25,29,50,31,45,40,54,8,14,0,13,8,7,15,20,20,21,19,25,33,15,19,18,18,17,27,38,19,27,33,9,25,25,42,33,31,40,33,23,8,23,23,23,15,25,0,0,11,22,23,33,15,18,19,13,17,13,33,58,31,62,46,18,13,43,55,36,20,8,10,31,33,27,18,27,31,25,8,9,19,27,30,36,33,13,0,11,8,0,0,10,27,0,0,22,29,20,36,36,46,8,31,18,18,18,18,27,25,29,25,33,17,0,8,17,17,36,33,50,20,36,36,20,58,45,31,25,30,30,36,27,25,31,15,40,30,33,25,18,18,14,33,17,25,10,14,18,18,13,18,17,9
NC_022329,50,43,25,31,100,100,,77,58,46,33,53,25,29,50,31,42,45,54,8,14,0,18,15,7,15,20,20,20,18,24,33,15,18,17,17,15,25,33,18,25,30,8,23,25,42,33,31,40,33,23,8,23,21,23,14,29,0,0,11,22,23,33,15,18,18,12,17,12,33,58,31,57,46,25,13,40,55,36,20,8,10,31,33,27,18,27,29,25,8,9,18,27,30,36,33,13,0,11,8,0,0,10,27,0,0,22,29,20,36,36,46,8,31,18,18,18,18,27,25,29,23,33,17,0,8,17,17,36,33,50,20,36,36,20,58,45,31,25,30,30,36,27,25,35,15,40,30,33,25,18,18,14,33,17,25,10,14,18,18,13,17,17,9
NC_028897,64,62,27,42,77,77,77,,73,54,27,54,17,42,50,42,55,40,64,0,18,9,15,0,18,30,14,29,31,31,23,25,23,23,27,18,25,36,38,15,27,44,18,33,40,60,67,40,43,44,30,22,30,23,30,23,31,11,0,33,50,36,27,30,13,31,23,40,23,44,45,31,46,31,27,23,38,38,25,25,11,14,30,33,25,38,13,38,44,22,13,23,50,57,38,33,31,13,0,11,17,14,0,25,0,0,17,27,25,45,45,50,11,20,25,13,13,13,25,20,33,33,22,11,18,20,10,10,38,44,56,14,13,13,29,56,38,20,11,14,29,36,38,50,38,38,29,29,33,40,50,50,27,33,33,33,14,25,13,13,0,18,11,13
NC_027339,42,42,8,25,55,55,58,73,,64,17,25,10,40,50,40,42,45,67,0,11,22,42,17,22,50,40,60,42,42,17,20,27,33,42,33,25,33,22,17,33,40,25,25,50,63,57,50,40,43,38,43,38,25,38,25,42,14,0,50,75,56,44,50,33,33,25,38,33,57,44,27,42,36,50,8,42,33,33,40,14,20,38,43,17,33,17,33,57,43,33,33,50,40,33,57,36,17,0,14,25,20,0,40,0,0,0,33,40,44,44,38,29,38,50,50,50,50,33,25,30,42,14,0,33,38,25,25,33,29,29,20,17,17,60,29,17,0,0,0,40,22,33,50,33,36,20,20,29,0,50,50,11,29,29,14,20,50,17,17,10,25,29,17
NC_029031,45,54,18,33,46,46,46,54,64,,36,38,25,25,40,42,45,50,45,10,9,18,31,8,18,30,29,14,38,38,23,25,31,23,18,18,25,36,25,15,36,44,18,17,30,40,56,30,43,33,30,22,30,23,30,15,23,11,0,33,50,36,27,30,25,31,15,40,31,33,27,23,31,38,27,23,23,25,25,33,11,14,30,33,13,13,13,31,33,33,25,38,63,57,25,44,31,25,17,11,17,0,0,25,0,100,0,18,33,45,45,40,33,40,38,13,13,13,38,20,33,25,0,22,27,30,10,10,38,22,22,14,13,13,29,33,25,0,11,0,43,18,13,33,31,38,0,0,44,40,50,50,36,44,44,11,0,0,0,0,25,9,11,13
NC_028892,25,25,42,33,36,36,33,27,17,36,,67,70,50,50,50,42,45,44,13,0,33,8,8,44,50,0,0,25,25,50,50,27,25,25,17,33,42,44,42,50,30,25,42,38,25,29,38,60,57,50,29,38,25,38,33,25,14,0,25,25,33,11,13,17,25,25,38,17,43,11,9,25,36,17,33,17,0,0,10,43,20,13,14,33,17,33,25,43,14,33,42,50,60,50,29,18,17,0,29,50,20,20,40,100,0,25,44,30,33,33,38,43,50,67,17,17,17,33,25,20,8,29,43,22,50,38,38,0,14,57,40,50,50,40,29,33,50,57,20,0,11,17,30,17,27,20,0,0,33,17,17,11,14,29,14,0,0,0,0,20,8,14,17
NC_004775,42,43,17,15,57,57,53,54,25,38,67,,50,31,36,23,33,36,58,9,17,25,7,8,17,18,0,0,7,7,27,25,23,20,17,8,23,33,33,27,33,40,17,38,27,45,40,36,50,40,27,10,27,14,18,21,20,10,0,14,29,17,17,18,11,20,27,18,7,30,25,15,43,38,17,27,27,22,22,15,20,0,27,30,22,11,11,20,50,10,22,27,33,50,33,30,14,11,14,20,14,13,13,31,25,50,29,42,15,17,17,27,10,18,22,0,0,0,0,9,8,8,30,10,17,27,9,9,0,10,30,0,33,33,38,50,44,18,20,13,13,42,56,33,27,38,38,25,10,17,22,22,17,20,20,10,13,20,0,11,23,8,10,33
NC_009531,40,8,40,27,25,25,25,17,10,25,70,50,,33,40,42,40,33,36,10,18,36,17,18,27,20,0,14,8,8,33,25,17,17,20,10,27,30,29,17,30,25,30,27,30,20,11,30,43,33,40,22,40,25,30,25,25,11,0,33,33,27,9,30,13,33,33,40,33,22,0,17,33,33,30,17,17,0,0,8,11,14,10,0,25,13,25,33,33,22,25,33,38,29,38,33,8,13,17,11,17,0,0,17,0,0,0,36,25,18,18,20,22,30,38,25,25,25,13,30,8,18,11,44,27,40,20,20,13,11,22,14,25,25,14,11,25,30,44,0,0,18,25,17,17,42,29,14,11,20,25,25,27,33,33,11,14,25,0,13,33,30,22,25
NC_030904,20,33,20,27,29,29,29,42,40,25,50,31,33,,67,38,50,56,46,0,8,8,7,18,54,50,22,33,46,43,29,25,17,21,20,20,27,40,29,14,50,38,50,27,50,42,45,42,56,64,50,36,42,42,33,33,36,18,14,50,38,31,33,33,30,43,36,50,43,36,25,42,17,42,30,21,31,30,20,36,9,22,25,18,40,40,40,36,45,36,40,57,40,33,40,36,43,10,0,9,25,22,0,21,0,0,13,15,21,15,15,17,9,17,40,20,20,20,10,25,21,9,0,18,25,42,33,33,30,18,45,22,10,10,11,36,30,25,9,11,11,15,20,33,21,42,33,22,9,0,30,30,15,18,45,18,22,17,20,30,14,30,36,30
NC_020483,38,40,25,33,50,50,50,50,50,40,50,36,40,67,,45,75,100,50,8,17,8,17,0,42,50,22,44,36,33,33,40,30,42,38,38,44,38,60,25,50,50,50,33,50,33,36,33,56,64,50,36,33,60,50,30,25,18,0,38,25,25,18,25,10,42,33,50,33,55,45,50,20,40,38,17,27,20,20,17,9,11,25,18,40,20,50,33,27,18,20,42,30,22,30,27,25,20,0,9,13,22,11,25,0,0,13,25,50,33,33,33,18,42,40,20,20,20,10,17,8,11,9,27,9,25,17,17,20,9,27,0,10,10,11,27,40,17,9,11,22,17,40,40,33,50,22,11,18,0,40,40,33,18,27,0,0,17,10,20,8,25,27,30
NC_019932,30,17,30,27,31,31,31,42,40,42,50,23,42,38,45,,80,67,50,27,17,17,8,0,58,45,38,25,46,46,62,58,33,31,40,30,36,40,57,23,40,38,30,36,36,18,20,27,50,50,45,40,36,42,45,42,46,30,17,29,43,25,8,18,11,23,31,36,38,30,17,8,8,17,30,23,23,11,0,8,10,13,0,0,22,22,44,54,40,20,33,31,33,38,33,30,23,33,14,20,43,38,25,15,25,50,14,25,31,50,50,36,30,45,56,11,11,11,33,18,8,18,10,30,33,45,18,18,22,20,40,50,22,22,25,0,22,18,20,13,13,0,22,25,23,25,50,38,20,33,44,44,42,20,40,20,13,20,11,11,15,30,40,22
NC_018085,33,33,25,42,45,45,42,55,42,45,42,33,40,50,75,80,,64,67,13,22,11,8,8,67,50,40,60,42,42,42,50,55,58,42,42,67,58,44,33,33,40,25,25,50,25,29,25,80,71,63,71,63,67,88,25,25,43,0,50,50,33,11,38,17,33,25,50,33,57,33,18,33,18,25,17,25,17,17,10,0,20,13,14,33,33,67,50,43,29,33,25,50,20,50,43,27,33,0,29,25,40,20,30,0,0,0,22,30,44,44,50,29,50,50,17,17,17,17,13,30,33,14,29,22,38,38,38,33,29,29,20,17,17,20,14,50,13,14,0,20,0,33,40,25,27,60,40,43,0,50,50,22,14,29,14,20,50,17,17,10,25,29,17
NC_019402,27,45,17,25,40,40,45,40,45,50,45,36,33,56,100,67,64,,75,14,25,13,17,25,50,57,25,25,33,33,42,56,50,42,36,27,36,36,40,33,50,55,45,27,57,29,33,43,75,83,71,50,43,50,71,36,42,33,0,33,33,38,13,14,0,33,25,57,33,67,38,20,0,30,25,25,33,0,0,22,17,0,14,17,40,0,80,33,50,17,40,50,40,25,40,33,30,40,0,17,33,25,25,22,0,0,0,38,44,50,50,43,33,57,40,0,0,0,0,0,0,9,17,33,13,29,14,14,0,0,33,0,20,20,25,17,40,14,17,0,25,13,60,33,33,30,50,25,17,0,40,40,25,17,33,0,0,0,0,0,11,18,17,40
NC_009813,33,36,22,30,54,54,54,64,67,45,44,58,36,46,50,50,67,75,,8,15,15,8,0,31,33,11,11,33,31,38,36,27,23,33,22,20,33,50,23,44,43,33,20,42,42,45,58,44,55,42,27,42,45,42,45,46,18,14,13,13,31,25,17,10,23,23,25,15,27,25,18,18,36,33,31,50,40,30,23,27,11,33,45,30,30,30,38,64,18,30,31,40,44,40,45,23,10,13,36,25,33,22,23,40,33,38,38,38,54,54,42,18,33,30,20,20,20,20,25,15,30,18,27,25,33,25,25,30,18,45,22,30,30,56,27,10,25,18,11,22,38,50,27,31,45,44,33,9,14,20,20,8,18,36,18,33,50,20,30,23,33,27,40
NC_031077,25,20,38,33,8,8,8,0,0,10,13,9,10,0,8,27,13,14,8,,67,67,50,56,25,25,44,33,27,33,42,50,40,25,38,38,44,25,40,42,13,17,25,44,17,8,18,8,11,27,25,27,8,20,17,20,25,36,29,25,13,17,27,25,10,25,42,25,33,27,45,40,10,20,13,25,27,40,50,17,45,22,50,36,10,20,20,17,18,27,10,0,0,11,10,18,33,50,50,45,50,44,78,42,60,100,75,33,17,17,17,17,18,17,20,0,0,0,30,8,8,11,27,18,27,17,17,17,20,27,18,44,40,40,33,9,10,42,27,33,22,25,30,30,25,10,33,33,18,29,10,10,25,18,18,36,33,17,30,30,42,50,27,30
NC_021794,33,27,11,50,14,14,14,18,11,9,0,17,18,8,17,17,22,25,15,67,,54,43,40,29,23,50,60,33,43,43,45,55,36,56,44,40,33,50,36,33,43,33,40,17,17,17,23,20,33,23,33,15,18,15,18,21,33,38,33,22,15,8,23,0,21,43,33,36,25,33,27,0,0,11,15,25,18,27,29,42,40,54,25,9,18,18,29,17,33,27,7,9,0,18,17,14,45,33,42,33,40,50,29,33,50,44,21,7,14,14,8,0,0,0,27,27,27,9,8,0,0,17,25,17,15,17,17,0,8,0,10,18,18,20,33,36,23,25,40,30,29,27,18,7,18,30,30,17,25,18,18,29,25,0,8,20,14,18,18,21,33,8,18
NC_028896,44,27,22,40,0,0,0,9,22,18,33,25,36,8,8,17,11,13,15,67,54,,62,60,31,42,44,33,25,31,23,27,55,38,56,33,50,44,17,38,33,29,44,40,25,25,27,33,11,27,25,36,17,18,17,27,31,36,29,25,38,38,25,42,20,46,46,25,38,36,33,18,18,27,33,15,25,20,30,8,36,22,42,27,20,20,0,8,27,27,30,15,10,11,30,27,31,50,25,27,38,11,33,38,40,100,38,46,23,15,15,17,27,25,30,30,30,30,20,8,8,10,27,18,33,33,25,25,10,27,9,22,30,30,44,0,0,25,18,11,11,15,40,36,15,18,11,0,9,14,20,20,31,36,9,18,11,17,10,10,38,33,27,40
NC_002668,25,21,23,40,13,13,18,15,42,31,8,7,17,7,17,8,8,17,8,50,43,62,,33,21,29,42,42,41,40,16,25,31,21,25,25,38,25,18,26,14,17,8,15,17,17,8,7,8,13,13,25,14,20,8,7,24,0,0,17,25,23,17,31,15,25,17,17,24,25,25,8,29,23,36,12,24,17,29,18,23,23,29,17,19,17,15,11,8,31,21,28,8,20,33,33,30,8,8,31,33,21,17,30,33,50,32,36,33,6,6,0,31,33,23,33,33,33,33,17,36,31,36,31,33,29,25,25,14,31,8,25,37,37,23,23,23,23,38,23,33,25,23,17,28,15,17,8,21,15,17,17,27,21,29,21,14,31,10,0,44,42,33,50
NC_027397,25,38,31,13,8,8,15,0,17,8,8,8,18,18,0,0,8,25,0,56,40,60,33,,30,33,50,33,13,13,19,9,42,27,25,17,38,33,0,50,29,42,42,31,33,33,25,44,0,13,22,38,22,21,11,31,31,38,50,20,40,40,50,44,43,50,36,33,40,38,40,33,23,33,43,36,31,43,43,27,25,17,33,25,14,14,14,14,25,38,43,13,0,0,14,25,33,43,40,13,20,0,33,27,0,0,40,20,27,10,10,11,0,0,0,29,29,29,14,11,18,15,25,0,0,11,33,33,43,38,13,17,29,29,33,13,0,33,13,33,0,40,29,9,19,8,33,17,13,25,14,14,40,50,25,50,33,33,43,43,45,25,50,29
NC_025428,11,27,22,20,7,7,7,18,22,18,44,17,27,54,42,58,67,50,31,25,29,31,21,30,,69,50,40,58,57,29,36,55,43,56,33,60,33,33,36,56,29,44,30,33,17,25,38,50,50,38,58,46,55,38,18,21,42,25,22,33,15,8,23,9,21,36,42,29,33,8,9,9,18,33,15,8,9,9,14,8,20,15,0,27,27,45,36,50,25,45,36,36,20,27,25,29,45,22,17,22,30,10,14,0,25,0,14,29,14,14,23,25,31,45,27,27,27,27,17,31,30,8,17,25,62,58,58,9,17,25,30,9,9,10,8,36,15,8,10,20,14,27,27,21,27,60,40,17,13,45,45,43,17,33,8,10,29,18,27,21,33,42,18
NC_017968,13,30,25,33,15,15,15,30,50,30,50,18,20,50,50,45,50,57,33,25,23,42,29,33,69,,36,45,73,64,23,40,60,62,63,38,56,38,60,46,88,67,75,56,42,25,23,43,27,38,36,42,14,30,23,30,21,23,22,10,20,25,18,23,17,21,38,42,36,58,36,20,10,40,38,8,18,0,8,7,8,0,14,8,0,17,17,21,31,8,17,21,25,18,17,17,36,33,10,15,20,27,9,36,29,40,20,23,38,29,29,29,15,36,50,33,33,33,25,25,17,11,23,8,27,43,42,42,25,23,23,27,8,8,18,8,17,23,15,9,18,14,33,40,36,40,27,18,8,0,58,58,50,23,38,8,9,38,17,25,29,50,62,42
NC_024213,40,43,20,67,20,20,20,14,40,29,0,0,0,22,22,38,40,25,11,44,50,44,42,50,50,36,,67,88,73,40,57,57,30,60,80,83,60,50,40,40,67,60,67,56,44,36,45,42,50,42,70,36,43,30,29,33,33,30,36,55,44,50,40,33,42,60,56,42,50,50,43,29,43,60,11,38,36,17,42,27,50,45,30,25,27,33,45,27,36,25,25,27,17,36,40,17,36,27,27,27,25,25,50,0,33,9,20,10,25,25,18,27,17,8,27,27,27,27,11,22,0,17,27,13,27,11,11,33,36,27,33,33,33,42,36,33,20,18,33,42,33,33,29,8,14,50,42,42,40,18,18,27,25,8,8,0,11,8,9,17,40,25,17
NC_024137,20,29,0,50,20,20,20,29,60,14,0,0,14,33,44,25,60,25,11,33,60,33,42,33,40,45,67,,75,73,30,29,43,30,40,60,67,40,50,30,40,67,40,50,33,22,18,18,33,42,33,50,18,29,20,14,25,17,10,27,36,22,25,40,25,33,50,44,33,50,50,43,29,29,40,11,25,9,8,25,18,33,36,10,17,27,25,45,27,18,8,17,18,8,9,10,17,18,9,27,18,33,25,50,13,33,9,10,20,17,17,9,9,8,17,45,45,45,27,33,22,17,8,27,13,27,22,22,42,36,18,17,17,17,25,27,33,0,9,25,25,17,25,43,17,43,42,33,25,20,36,36,18,17,8,8,17,33,25,27,8,60,33,17
NC_019921,8,29,31,47,21,21,20,31,42,38,25,7,8,46,36,46,42,33,33,27,33,25,41,13,58,73,88,75,,100,33,50,46,29,33,42,38,33,58,39,50,42,50,38,55,36,30,36,38,50,45,60,27,27,27,21,33,20,17,29,43,42,33,27,33,22,44,55,47,60,42,31,14,38,21,6,28,22,11,31,20,38,27,20,22,33,44,56,40,20,11,29,33,13,22,20,29,22,14,20,14,38,13,38,0,50,0,17,23,17,17,9,10,9,22,22,22,22,22,18,31,8,10,20,17,36,27,27,22,30,40,38,0,0,13,30,33,18,20,13,38,17,22,33,39,31,50,38,20,0,22,22,17,0,40,10,13,40,11,11,31,50,50,33
NC_012784,8,29,31,47,19,19,18,31,42,38,25,7,8,43,33,46,42,33,31,33,43,31,40,13,57,64,73,73,100,,35,50,46,26,33,42,38,33,58,35,50,42,50,38,50,33,38,43,45,62,50,58,29,27,23,21,33,15,22,20,40,38,33,31,33,24,44,50,40,50,42,31,14,38,21,12,28,17,8,31,23,36,29,17,25,42,42,53,38,23,17,30,42,9,17,17,24,25,20,23,20,27,18,38,29,40,20,14,20,13,13,14,8,14,25,25,25,25,25,17,29,8,15,15,17,36,25,25,17,23,31,27,0,0,9,31,33,15,15,18,45,27,33,33,38,31,45,36,15,11,17,17,13,0,31,8,18,25,17,17,25,50,38,42
NC_031129,25,14,38,53,25,25,24,23,17,23,50,27,33,29,33,62,42,42,38,42,43,23,16,19,29,23,40,30,33,35,,83,38,26,50,58,38,50,67,50,36,25,33,46,50,33,33,38,40,67,69,42,38,40,46,50,40,42,50,33,33,38,33,23,27,25,33,42,26,42,42,23,7,23,21,41,28,27,18,33,42,40,23,33,27,18,45,56,33,25,36,32,27,30,36,33,19,18,11,50,56,50,60,40,50,25,44,21,27,36,36,23,17,15,27,0,0,0,9,0,0,0,8,33,8,8,17,17,18,0,33,20,27,27,40,17,27,23,25,30,10,21,9,25,15,23,30,20,25,38,18,18,21,17,33,17,30,29,9,9,13,25,8,18
NC_009812,20,17,50,64,33,33,33,25,20,25,50,25,25,25,40,58,50,56,36,50,45,27,25,9,36,40,57,29,50,50,83,,42,50,50,50,45,50,86,50,40,38,40,45,40,20,22,30,29,56,60,33,40,42,50,33,33,33,40,33,17,36,27,20,13,8,42,40,25,44,45,25,8,25,20,25,25,13,25,33,56,43,30,33,13,0,50,50,22,22,38,17,25,14,38,33,33,50,50,56,50,57,57,42,67,100,33,36,25,45,45,40,33,40,50,13,13,13,38,10,8,9,22,33,27,20,10,10,0,0,33,43,50,50,43,22,50,30,44,57,43,27,13,33,25,17,29,29,22,40,13,13,27,11,33,22,14,0,13,13,33,30,22,25
NC_029116,18,38,18,42,15,15,15,23,27,31,27,23,17,17,30,33,55,50,27,40,55,55,31,42,55,60,57,43,46,46,38,42,,85,82,64,75,73,50,62,55,56,55,42,50,30,22,50,29,44,40,78,40,38,50,38,38,56,40,33,67,36,18,40,13,31,46,50,38,78,55,15,23,15,36,23,31,13,13,8,11,14,30,11,0,0,25,15,22,22,38,8,25,14,25,22,15,50,17,33,33,14,29,25,0,0,17,45,33,36,36,50,22,20,13,25,25,25,0,0,25,8,33,22,18,20,30,30,0,22,22,0,25,25,43,11,25,30,22,29,0,18,50,33,23,23,43,29,44,40,50,50,36,44,11,11,0,25,0,0,33,45,33,25
NC_024365,17,29,31,47,19,19,18,23,33,23,25,20,17,21,42,31,58,42,23,25,36,38,21,27,43,62,30,30,29,26,26,50,85,,83,67,69,67,45,42,43,42,50,31,42,25,17,38,20,33,38,50,38,53,46,36,32,50,38,33,44,38,25,46,18,21,28,33,32,58,58,23,29,15,36,18,24,9,27,13,17,20,15,17,0,0,27,11,8,25,36,5,27,20,36,33,25,45,22,42,44,30,30,33,33,25,22,43,40,50,50,54,25,38,36,36,36,36,18,17,21,31,42,17,25,15,25,25,18,17,17,20,36,36,40,8,36,31,33,40,10,14,36,50,26,15,20,30,33,25,64,64,50,42,17,17,10,14,18,27,33,33,42,27
NC_022749,17,17,17,33,18,18,17,27,42,18,25,17,20,20,38,40,42,36,33,38,56,56,25,25,56,63,60,40,33,33,50,50,82,83,,75,58,67,56,58,58,40,50,42,63,38,29,63,40,57,50,86,50,42,63,50,42,71,67,50,75,44,22,50,17,25,42,50,42,71,56,27,25,18,42,25,50,17,17,10,14,20,25,14,0,0,33,17,14,29,50,8,33,20,33,29,18,67,25,43,50,20,40,30,0,0,25,44,30,44,44,50,29,25,17,33,33,33,0,0,10,25,29,29,22,13,25,25,0,0,14,0,17,17,60,0,17,25,14,20,0,11,50,40,8,18,20,20,43,33,50,50,44,43,14,0,0,0,0,0,30,42,29,33
NC_012756,25,17,17,50,18,18,17,18,33,18,17,8,10,20,38,30,42,27,22,38,44,33,25,17,33,38,80,60,42,42,58,50,64,67,75,,58,67,78,50,42,30,33,33,63,38,29,38,40,57,50,86,50,50,63,50,42,43,33,50,75,44,33,50,50,25,33,50,42,71,67,36,25,36,50,33,50,33,33,20,14,40,50,43,33,33,50,25,0,29,17,17,33,0,33,29,27,33,25,43,25,20,40,40,0,0,25,33,20,33,33,38,14,13,0,33,33,33,0,0,20,17,29,29,11,0,13,13,17,14,14,0,17,17,40,14,33,25,14,20,20,11,33,40,17,18,20,20,71,33,17,17,22,14,14,0,0,0,0,0,30,33,29,50
NC_028764,33,46,42,54,17,17,15,25,25,25,33,23,27,27,44,36,67,36,20,44,40,50,38,38,60,56,83,67,38,38,38,45,75,69,58,58,,75,44,69,33,40,42,46,67,44,38,44,50,63,56,100,56,62,67,31,31,50,25,60,80,40,30,56,29,46,54,67,38,88,50,25,38,25,50,31,31,29,29,18,13,33,44,25,14,14,43,23,25,38,29,15,43,17,43,38,33,43,20,38,40,17,33,45,0,0,20,40,36,30,30,44,25,22,14,14,14,14,0,0,27,23,25,25,20,22,22,22,14,25,13,0,14,14,50,13,29,22,13,17,17,20,43,36,8,17,33,17,50,25,29,29,40,25,13,0,0,33,0,0,36,33,38,29
NC_004066,33,33,25,50,27,27,25,36,33,36,42,33,30,40,38,40,58,36,33,25,33,44,25,33,33,38,60,40,33,33,50,50,73,67,67,67,75,,56,58,42,40,33,42,63,50,43,50,40,57,50,86,63,42,63,50,42,43,33,75,100,56,33,63,50,42,42,50,42,71,56,18,33,27,42,33,50,33,33,20,14,40,38,29,17,17,33,25,14,57,50,25,50,20,50,43,36,33,25,43,50,0,20,40,0,0,25,44,30,44,44,50,29,25,17,17,17,17,0,0,20,8,29,29,22,13,13,13,33,14,14,0,17,17,60,29,17,25,14,40,20,11,33,30,0,9,0,0,43,33,17,17,22,43,29,14,20,0,17,17,40,25,43,50
NC_019502,22,11,40,64,38,38,33,38,22,25,44,33,29,29,60,57,44,40,50,40,50,17,18,0,33,60,50,50,58,58,67,86,50,45,56,78,44,56,,67,45,27,33,44,60,20,25,40,50,75,60,50,20,40,40,44,42,25,0,0,0,33,17,0,33,0,40,60,18,75,67,25,11,38,18,30,33,0,0,14,25,0,60,50,33,33,67,40,25,0,0,18,33,0,0,0,38,33,0,25,0,50,50,43,0,0,0,33,14,33,33,20,0,0,0,33,33,33,0,0,0,0,0,25,17,0,0,0,0,0,50,0,0,0,0,25,33,20,25,0,0,17,33,43,50,38,50,50,50,0,33,33,17,0,50,0,0,0,0,0,29,33,25,67
NC_002670,17,36,54,47,19,19,18,15,17,15,42,27,17,14,25,23,33,33,23,42,36,38,26,50,36,46,40,30,39,35,50,50,62,42,58,50,69,58,67,,43,33,50,54,58,42,33,46,30,42,46,58,31,40,54,36,33,50,63,33,33,38,42,15,36,35,44,50,21,67,50,31,21,31,29,41,33,27,27,27,33,30,31,33,18,18,45,28,33,25,36,16,27,20,18,17,31,45,44,25,22,30,50,47,17,0,33,21,33,21,21,15,17,0,9,18,18,18,9,8,21,15,17,8,17,15,42,42,18,25,25,10,18,18,40,17,18,31,17,10,10,29,18,25,29,15,30,20,25,25,18,18,29,17,42,25,40,57,27,18,40,42,33,18
NC_024370,8,25,23,21,27,27,25,27,33,36,50,33,30,50,50,40,33,50,44,13,33,33,14,29,56,88,40,40,50,50,36,40,55,43,58,42,33,42,45,43,,67,67,50,63,38,29,63,60,57,50,57,25,31,38,50,43,43,33,25,50,44,22,25,33,21,46,50,64,71,44,27,17,45,36,23,36,0,0,20,14,0,13,14,0,0,33,31,29,14,33,36,50,40,17,14,27,50,0,14,25,20,20,40,0,0,0,33,30,33,33,25,14,13,17,33,33,33,0,13,10,0,14,14,11,25,25,25,0,0,29,0,0,0,40,29,33,25,29,0,0,11,50,30,14,27,20,20,14,0,50,50,33,29,29,0,0,0,0,0,30,25,29,33
NC_019513,20,60,18,17,33,33,30,44,40,44,30,40,25,38,50,38,40,55,43,17,43,29,17,42,29,67,67,67,42,42,25,38,56,42,40,30,40,40,27,33,67,,70,60,83,83,40,67,67,60,67,60,33,27,33,50,50,40,0,50,100,71,43,50,25,42,55,67,67,80,57,33,20,44,42,27,33,0,0,38,20,0,17,20,0,0,25,45,40,20,25,42,25,33,50,20,33,50,0,0,50,33,33,38,0,0,0,29,25,29,29,17,20,17,25,25,25,25,0,0,0,0,40,0,14,17,0,0,0,0,20,0,0,0,67,40,50,0,0,0,0,29,75,38,17,44,33,33,20,0,50,50,57,20,20,0,0,0,0,0,13,30,20,25
NC_023500,17,42,42,25,9,9,8,18,25,18,25,17,30,50,50,30,25,45,33,25,33,44,8,42,44,75,60,40,50,50,33,40,55,50,50,33,42,33,33,50,67,70,,67,88,63,43,88,40,71,75,71,50,42,50,50,50,57,67,50,75,56,56,50,17,42,67,75,58,86,44,55,17,45,42,33,42,17,17,50,29,20,25,29,0,0,33,42,29,29,50,33,33,20,33,29,27,67,25,29,50,20,40,40,0,0,25,33,30,33,33,38,14,13,17,33,33,33,0,0,0,0,14,14,22,13,13,13,0,0,29,0,17,17,60,14,17,25,14,20,0,33,50,30,17,36,20,20,29,33,50,50,56,43,29,0,0,0,0,0,20,42,29,33
NC_019507,33,38,50,31,25,25,23,33,25,17,42,38,27,27,33,36,25,27,20,44,40,40,15,31,30,56,67,50,38,38,46,45,42,31,42,33,46,42,44,54,50,60,67,,67,67,38,56,33,50,56,63,33,23,33,46,38,38,25,40,60,50,50,44,14,23,69,67,38,75,40,50,23,25,33,31,31,14,14,36,38,17,33,25,0,0,14,38,38,25,29,15,14,33,43,25,17,43,20,25,60,33,50,45,50,0,40,30,27,30,30,33,25,22,29,14,14,14,14,0,0,0,38,13,20,22,11,11,0,13,25,17,29,29,67,25,29,22,13,33,0,30,43,27,15,33,33,17,25,50,29,29,50,25,13,13,0,33,0,0,9,25,25,14
NC_029010,38,40,50,44,25,25,25,40,50,30,38,27,30,50,50,36,50,57,42,17,17,25,17,33,33,42,56,33,55,50,50,40,50,42,63,63,67,63,60,58,63,83,88,67,,83,73,75,78,82,75,82,67,60,58,70,67,55,57,63,75,75,64,50,50,58,58,75,58,73,55,60,40,60,75,42,64,50,30,58,36,56,25,36,50,50,60,58,45,55,50,50,60,56,50,45,33,40,25,27,50,22,33,50,20,0,38,25,33,33,33,25,9,8,10,10,10,10,0,0,8,0,9,9,9,8,8,8,20,9,36,11,10,10,44,27,20,25,9,11,11,33,40,40,17,50,22,22,27,14,20,20,33,18,18,0,11,33,20,10,25,38,18,30
NC_021800,63,60,38,33,42,42,42,60,63,40,25,45,20,42,33,18,25,29,42,8,17,25,17,33,17,25,44,22,36,33,33,20,30,25,38,38,44,50,20,42,38,83,63,67,83,,82,75,67,64,58,64,67,40,42,60,67,45,57,63,75,75,73,58,50,58,50,58,50,55,45,50,50,60,75,42,64,60,40,67,36,56,33,45,50,50,40,50,55,55,50,50,60,67,60,55,33,30,25,27,50,11,22,42,20,0,38,25,33,33,33,25,9,8,10,10,10,10,0,0,8,0,18,0,9,8,8,8,20,9,27,11,10,10,56,36,20,17,0,11,22,42,30,30,8,40,11,11,18,14,10,10,33,18,9,0,11,33,20,10,17,13,9,20
NC_029078,71,67,43,50,33,33,33,67,57,56,29,40,11,45,36,20,29,33,45,18,17,27,8,25,25,23,36,18,30,38,33,22,22,17,29,29,38,43,25,33,29,40,43,38,73,82,,69,73,69,54,58,62,44,42,44,46,46,56,50,60,73,70,50,50,62,58,64,46,42,50,67,33,44,57,45,50,58,42,62,46,55,46,50,58,67,42,54,62,54,50,54,75,64,42,50,38,42,30,23,40,9,18,31,29,0,40,17,25,38,38,38,8,15,17,8,8,8,17,9,18,13,8,8,10,15,9,9,33,23,31,9,8,8,36,31,17,17,0,18,36,54,42,56,31,44,18,18,23,33,17,17,23,23,15,15,9,25,33,25,8,0,0,17
NC_003216,38,40,50,33,31,31,31,40,50,30,38,36,30,42,33,27,25,43,58,8,23,33,7,44,38,43,45,18,36,43,38,30,50,38,63,38,44,50,40,46,63,67,88,56,75,75,69,,55,69,57,58,57,40,31,70,64,38,56,30,50,58,64,46,33,43,46,50,29,42,36,40,40,60,75,50,64,50,25,50,31,36,36,42,33,42,33,36,46,38,50,36,58,45,42,50,14,33,20,31,40,9,18,29,29,0,40,38,38,43,43,43,15,21,17,33,33,33,17,8,8,0,23,15,9,14,17,17,17,8,38,18,17,17,55,31,8,31,15,27,36,57,50,20,14,40,27,27,15,33,17,17,29,31,15,8,9,13,17,17,14,25,15,33
NC_022758,40,29,0,17,40,40,40,43,40,43,60,50,43,56,56,50,80,75,44,11,20,11,8,0,50,27,42,33,38,45,40,29,29,20,40,40,50,40,50,30,60,67,40,33,78,67,73,55,,83,67,70,64,71,60,43,33,50,50,45,55,56,38,30,58,58,50,56,42,40,38,43,43,43,40,22,38,36,17,42,27,50,18,20,58,64,58,64,55,55,50,58,73,50,45,50,25,36,18,9,36,17,17,33,25,0,27,10,20,25,25,18,9,25,25,9,9,9,9,0,11,0,8,0,13,27,22,22,25,9,18,8,17,17,25,36,42,10,9,8,25,25,42,43,17,43,33,25,17,10,18,18,18,8,0,0,8,22,25,18,17,20,0,17
NC_013696,43,44,43,50,33,33,33,44,43,33,57,40,33,64,64,50,71,83,55,27,33,27,13,13,50,38,50,42,50,62,67,56,44,33,57,57,63,57,75,42,57,60,71,50,82,64,69,69,83,,80,67,62,78,58,56,47,43,45,42,50,55,50,42,38,47,50,64,40,50,50,56,22,44,57,45,50,42,29,43,31,46,31,33,50,50,54,54,46,46,43,47,58,31,50,50,20,33,25,31,50,15,33,53,44,29,42,17,25,36,36,31,8,21,23,8,8,8,8,0,9,0,7,8,10,23,18,18,29,8,31,8,21,21,31,31,31,25,8,15,25,40,38,44,20,44,33,25,21,18,17,17,23,14,13,0,23,10,14,17,13,29,7,29
NC_021539,38,40,50,44,23,23,23,30,38,30,50,27,40,50,50,45,63,71,42,25,23,25,13,22,38,36,42,33,45,50,69,60,40,38,50,50,56,50,60,46,50,67,75,56,75,58,54,57,67,80,,58,64,80,69,50,50,57,73,67,50,67,64,54,54,50,38,67,31,58,36,50,20,40,63,42,45,33,29,47,31,46,21,50,29,33,54,50,38,46,50,44,58,23,58,58,25,33,17,38,58,38,50,50,44,14,33,23,38,40,40,36,23,27,38,8,8,8,8,8,17,11,14,8,18,14,17,17,21,8,23,17,29,29,46,15,31,15,15,15,25,25,23,50,31,40,25,25,21,9,17,17,29,14,20,14,31,30,21,17,13,25,7,21
NC_021789,43,44,29,50,8,8,8,22,43,22,29,10,22,36,36,40,71,50,27,27,33,36,25,38,58,42,70,50,60,58,42,33,78,50,86,86,100,86,50,58,57,60,71,63,82,64,58,58,70,67,58,,75,78,67,56,50,58,50,56,78,64,50,50,45,50,67,73,58,67,40,33,33,33,71,27,50,36,27,50,33,60,33,25,45,45,64,50,50,58,55,50,64,40,45,42,25,45,33,33,44,20,30,42,17,0,22,25,33,33,33,33,17,17,9,18,18,18,9,0,18,13,17,17,10,25,27,27,18,17,17,10,9,9,40,17,27,17,8,20,20,17,36,33,8,22,40,30,33,25,18,18,25,17,8,0,10,43,27,18,25,43,25,18
NC_003524,50,40,38,33,23,23,23,30,38,30,38,27,40,42,33,36,63,43,42,8,15,17,14,22,46,14,36,18,27,29,38,40,40,38,50,50,56,63,20,31,25,33,50,33,67,67,62,57,64,62,64,75,,80,69,50,50,54,56,70,70,67,64,62,42,36,38,58,36,42,18,30,40,40,75,42,55,50,50,64,38,64,29,42,50,42,67,50,54,69,75,57,75,45,67,67,29,42,40,46,60,18,27,29,29,0,20,31,38,43,43,43,23,29,25,25,25,25,25,8,25,22,15,15,18,21,25,25,17,8,15,18,25,25,45,23,42,15,23,36,36,29,17,30,7,20,27,27,23,22,8,8,29,15,15,15,27,38,33,25,21,13,15,8
NC_007058,42,43,38,43,23,23,21,23,25,23,25,14,25,42,60,42,67,50,45,20,18,18,20,21,55,30,43,29,27,27,40,42,38,53,42,50,62,42,40,40,31,27,42,23,60,40,44,40,71,78,80,78,80,,100,43,47,67,60,67,50,45,36,50,38,40,20,50,33,56,27,23,21,31,46,33,33,38,50,42,33,57,20,44,38,25,75,27,33,56,63,40,63,29,75,67,46,50,33,56,67,43,57,42,67,0,33,27,50,55,55,60,33,50,38,13,13,13,13,10,33,38,22,22,18,20,30,30,25,11,11,14,38,38,57,11,50,20,22,29,29,18,25,33,33,23,29,29,44,20,25,25,36,22,11,11,29,25,25,25,25,17,11,13
NC_003291,50,40,25,33,23,23,23,30,38,30,38,18,30,33,50,45,88,71,42,17,15,17,8,11,38,23,30,20,27,23,46,50,50,46,63,63,67,63,40,54,38,33,50,33,58,42,42,31,60,58,69,67,69,100,,40,31,67,63,67,44,50,36,38,45,46,31,50,38,58,27,30,20,20,50,33,36,27,36,38,33,50,15,42,36,27,64,38,33,50,55,38,55,30,55,50,38,55,44,42,44,40,50,38,33,0,22,23,46,46,46,46,42,38,36,9,9,9,9,8,33,33,17,17,27,23,33,33,18,17,8,10,27,27,50,17,45,23,25,20,30,15,18,40,31,20,20,20,42,25,18,18,23,17,25,25,40,43,27,18,23,25,8,9
NC_028905,25,21,33,31,15,15,14,23,25,15,33,21,25,33,30,42,25,36,45,20,18,27,7,31,18,30,29,14,21,21,50,33,38,36,50,50,31,50,44,36,50,50,50,46,70,60,44,70,43,56,50,56,50,43,40,,86,33,40,33,50,55,36,40,25,36,21,40,36,44,36,23,21,46,58,64,71,38,25,33,33,29,10,22,25,25,25,21,22,33,38,29,38,57,38,33,23,25,17,44,67,29,43,25,67,0,67,36,42,64,64,40,22,20,25,13,13,13,13,10,0,0,22,22,18,20,10,10,13,11,33,14,25,25,71,11,0,40,22,29,0,27,38,8,7,31,0,0,11,40,13,13,36,22,11,11,14,25,13,13,17,17,33,38
NC_002667,42,29,38,33,25,25,29,31,42,23,25,20,25,36,25,46,25,42,46,25,21,31,24,31,21,21,33,25,33,33,40,33,38,32,42,42,31,42,42,33,43,50,50,38,67,67,46,64,33,47,50,50,50,47,31,86,,29,31,33,50,54,50,54,23,31,22,42,32,33,33,23,29,54,71,59,56,50,36,35,23,23,14,25,19,25,23,21,31,31,43,26,42,53,33,42,15,17,8,54,50,29,42,25,33,29,32,43,40,50,50,43,23,13,15,8,8,8,8,8,0,0,14,31,17,14,8,8,14,15,46,25,16,16,54,8,0,31,15,15,8,21,23,8,19,31,25,25,29,31,17,17,27,36,18,14,21,23,23,8,11,17,20,36
NC_029008,29,22,14,13,0,0,0,11,14,11,14,10,11,18,18,30,43,33,18,36,33,36,0,38,42,23,33,17,20,15,42,33,56,50,71,43,50,43,25,50,43,40,57,38,55,45,46,38,50,43,57,58,54,67,67,33,29,,90,73,45,64,50,50,54,50,50,45,50,42,30,33,11,0,29,18,20,42,38,50,54,67,31,50,38,42,46,46,46,54,54,29,42,33,42,42,43,75,45,38,64,42,50,36,25,0,27,17,33,43,43,31,31,21,23,17,17,17,8,9,18,25,14,8,30,15,27,27,23,8,8,25,23,23,50,8,15,17,15,25,17,21,23,44,21,22,17,33,21,10,25,25,31,21,7,21,33,33,46,42,21,14,0,0
NC_009231,33,20,33,25,0,0,0,0,0,0,0,0,0,14,0,17,0,0,14,29,38,29,0,50,25,22,30,10,17,22,50,40,40,38,67,33,25,33,0,63,33,0,67,25,57,57,56,56,50,45,73,50,56,60,63,40,31,90,,73,38,71,67,38,70,62,38,43,23,38,17,20,0,0,33,29,33,44,36,60,56,64,22,63,31,56,40,33,33,67,64,38,56,23,44,50,33,56,42,44,55,42,50,38,27,0,38,13,38,40,40,33,22,20,30,22,22,22,11,14,14,25,20,0,33,0,29,29,18,0,11,30,31,31,45,11,10,25,22,27,30,23,10,20,23,0,10,30,10,8,11,11,22,20,8,20,33,42,38,33,18,0,0,9
NC_028856,75,50,25,40,11,11,11,33,50,33,25,14,33,50,38,29,50,33,13,25,33,25,17,20,22,10,36,27,29,20,33,33,33,33,50,50,60,75,0,33,25,50,50,40,63,63,50,30,45,42,67,56,70,67,67,33,33,73,73,,67,75,57,67,55,75,56,75,50,56,29,50,17,17,75,13,29,50,42,55,40,58,40,56,25,40,36,30,30,80,58,50,50,25,60,56,42,50,33,30,58,33,36,33,11,0,17,22,33,36,36,30,30,18,27,30,30,30,20,25,25,20,9,10,43,10,0,0,17,10,10,27,25,25,42,30,27,22,30,33,27,17,9,50,17,33,9,27,18,9,10,10,30,18,17,27,33,40,33,20,17,0,8,0
NC_021796,75,67,25,40,22,22,22,50,75,50,25,29,33,38,25,43,50,33,13,13,22,38,25,40,33,20,55,36,43,40,33,17,67,44,75,75,80,100,0,33,50,100,75,60,75,75,60,50,55,50,50,78,70,50,44,50,50,45,38,67,,75,57,56,45,50,67,63,53,67,57,33,50,33,100,13,43,40,25,45,30,50,30,22,29,40,36,50,40,70,58,50,50,21,50,44,23,40,23,10,42,8,9,29,15,18,19,33,22,27,27,30,10,9,9,30,30,30,20,0,25,0,18,10,14,20,0,0,25,20,20,9,25,25,33,40,36,22,20,33,18,25,36,50,19,17,27,27,36,31,30,30,40,36,21,18,15,23,25,10,17,25,17,8
NC_026609,33,36,44,50,23,23,23,36,56,36,33,17,27,31,25,25,33,38,31,17,15,38,23,40,15,25,44,22,42,38,38,36,36,38,44,44,40,56,33,38,44,71,56,50,75,75,73,58,56,55,67,64,67,45,50,55,54,64,71,75,75,,75,67,70,62,54,58,62,55,50,45,27,36,56,23,50,50,50,62,64,78,33,55,60,60,50,62,55,64,60,46,60,44,70,55,46,50,38,27,63,22,33,46,40,0,25,23,31,38,38,25,27,25,30,30,30,30,20,17,23,20,27,9,25,17,17,17,30,27,27,33,30,30,56,18,20,17,18,22,22,31,30,45,23,27,11,22,18,14,10,10,23,18,9,18,22,33,40,30,23,11,9,10
NC_022767,33,36,44,30,33,33,33,27,44,27,11,17,9,33,18,8,11,13,25,27,8,25,17,50,8,18,50,25,33,33,33,27,18,25,22,33,30,33,17,42,22,43,56,50,64,73,70,64,38,50,64,50,64,36,36,36,50,50,67,57,57,75,,73,67,42,50,45,42,40,50,64,45,55,56,33,58,78,78,75,50,63,45,70,44,44,56,50,50,50,44,33,56,38,56,60,33,33,43,40,57,25,50,58,50,0,43,25,33,33,33,27,10,9,11,22,22,22,22,18,25,20,30,0,17,0,18,18,44,30,30,38,33,33,63,20,22,18,10,25,38,42,22,36,33,18,25,38,20,17,0,0,17,10,20,30,38,20,44,44,25,33,20,11
NC_011318,50,40,25,22,15,15,15,30,50,30,13,18,30,33,25,18,38,14,17,25,23,42,31,44,23,23,40,40,27,31,23,20,40,46,50,50,56,63,0,15,25,50,50,44,50,58,50,46,30,42,54,50,62,50,38,40,54,50,38,67,56,67,73,,45,54,46,50,62,33,36,50,50,40,75,33,45,45,45,46,25,40,38,42,27,27,27,31,33,42,36,23,45,40,55,58,38,36,22,50,67,10,30,46,50,50,33,31,31,38,38,38,25,31,18,27,27,27,9,17,25,22,33,17,18,8,8,8,27,25,8,30,27,27,50,8,18,15,17,20,30,31,27,40,15,30,10,20,25,13,18,18,31,17,0,17,20,0,18,18,23,13,17,27
NC_011802,17,13,0,14,18,18,18,13,33,25,17,11,13,30,10,11,17,0,10,10,0,20,15,43,9,17,33,25,33,33,27,13,13,18,17,50,29,50,33,36,33,25,17,14,50,50,50,33,58,38,54,45,42,38,45,25,23,54,70,55,45,70,67,45,,62,36,30,38,36,33,25,38,38,33,20,33,33,31,38,33,50,25,55,46,58,38,42,33,50,38,38,58,33,33,36,38,25,18,17,36,25,25,38,38,0,18,18,36,23,23,17,17,15,23,25,25,25,8,10,20,14,23,0,11,0,10,10,38,17,8,17,15,15,42,25,23,0,17,17,25,15,23,38,23,0,8,17,15,0,0,0,0,8,15,31,33,33,38,33,38,17,15,31
NC_002671,42,57,23,20,19,19,18,31,33,31,25,20,33,43,42,23,33,33,23,25,21,46,25,50,21,21,42,33,22,24,25,8,31,21,25,25,46,42,0,35,21,42,42,23,58,58,62,43,58,47,50,50,36,40,46,36,31,50,62,75,50,62,42,54,62,,44,50,48,50,42,38,21,31,36,35,33,42,21,29,31,46,29,33,38,58,23,32,31,46,36,32,42,27,42,42,30,33,15,8,33,21,17,25,7,0,22,21,40,25,25,29,23,27,31,25,25,25,8,17,21,23,21,15,17,14,8,8,21,23,23,17,32,32,38,15,8,31,15,8,17,26,38,25,17,23,8,8,14,8,8,8,20,21,6,21,7,38,25,8,22,25,7,21
NC_029073,25,36,31,36,13,13,12,23,25,15,25,27,33,36,33,31,25,25,23,42,43,46,17,36,36,38,60,50,44,44,33,42,46,28,42,33,54,42,40,44,46,55,67,69,58,50,58,46,50,50,38,67,38,20,31,21,22,50,38,56,67,54,50,46,36,44,,67,61,58,50,54,14,15,31,6,13,27,18,40,42,40,54,25,36,36,36,50,67,42,45,33,36,30,27,25,31,55,44,8,33,10,20,33,0,0,11,21,13,14,14,15,8,8,9,27,27,27,9,17,0,8,8,8,33,31,8,8,9,17,17,10,9,9,30,17,18,8,0,20,10,36,55,42,22,38,50,40,17,25,18,18,21,17,17,8,10,43,27,27,27,50,25,18
NC_025470,50,60,63,67,17,17,17,40,38,40,38,18,40,50,50,36,50,57,25,25,33,25,17,33,42,42,56,44,55,50,42,40,50,33,50,50,67,50,60,50,50,67,75,67,75,58,64,50,56,64,67,73,58,50,50,40,42,45,43,75,63,58,45,50,30,50,67,,58,73,36,70,20,40,63,33,36,30,20,50,27,44,42,27,30,30,50,50,45,45,40,42,60,44,40,36,33,40,25,18,38,11,22,33,0,0,13,17,17,33,33,33,9,8,10,10,10,10,10,17,17,11,0,27,9,17,8,8,20,27,36,11,10,10,22,18,20,17,9,11,11,25,20,50,25,60,33,22,36,29,30,30,42,27,27,9,0,33,10,0,17,25,18,10
NC_028656,33,36,15,20,13,13,12,23,33,31,17,7,33,43,33,38,33,33,15,33,36,38,24,40,29,36,42,33,47,40,26,25,38,32,42,42,38,42,18,21,64,67,58,38,58,50,46,29,42,40,31,58,36,33,38,36,32,50,23,50,53,62,42,62,38,48,61,58,,50,50,46,14,23,43,12,29,33,29,41,31,38,36,25,50,33,38,53,38,46,29,40,33,27,42,50,35,50,31,15,33,21,17,35,17,20,13,21,20,31,31,14,8,20,8,17,17,17,0,17,14,0,21,15,8,21,8,8,36,23,8,25,18,18,23,8,15,31,15,15,8,20,38,33,20,23,17,17,29,15,33,33,33,29,6,14,14,8,35,17,39,33,13,14
NC_019931,43,67,43,63,33,33,33,44,57,33,43,30,22,36,55,30,57,67,27,27,25,36,25,38,33,58,50,50,60,50,42,44,78,58,71,71,88,71,75,67,71,80,86,75,73,55,42,42,40,50,58,67,42,56,58,44,33,42,38,56,67,55,40,33,36,50,58,73,50,,70,44,33,44,71,18,40,18,18,33,25,30,33,33,18,18,36,33,33,33,27,33,36,20,27,25,33,36,22,17,22,20,30,42,0,0,11,33,42,33,33,42,17,17,27,18,18,18,9,9,18,0,17,8,10,17,9,9,18,25,25,0,18,18,40,25,27,25,17,30,10,25,36,56,25,33,30,20,33,25,36,36,33,33,25,17,10,57,18,9,25,43,33,18
NC_028931,22,36,33,50,58,58,58,45,44,27,11,25,0,25,45,17,33,38,25,45,33,33,25,40,8,36,50,50,42,42,42,45,55,58,56,67,50,56,67,50,44,57,44,40,55,45,50,36,38,50,36,40,18,27,27,36,33,30,17,29,57,50,50,36,33,42,50,36,50,70,,64,45,45,33,17,50,56,44,25,30,25,45,40,33,33,33,42,20,20,11,17,11,13,22,20,33,33,29,10,14,13,38,50,0,0,43,25,17,25,25,27,0,9,11,22,22,22,22,18,25,10,30,0,8,0,9,9,44,40,40,13,33,33,25,40,33,36,10,38,13,42,56,55,42,27,38,38,40,33,33,33,25,30,20,30,13,20,33,33,25,44,30,22
NC_028886,27,31,55,33,31,31,31,31,27,23,9,15,17,42,50,8,18,20,18,40,27,18,8,33,9,20,43,43,31,31,23,25,15,23,27,36,25,18,25,31,27,33,55,50,60,50,67,40,43,56,50,33,30,23,30,23,23,33,20,50,33,45,64,50,25,38,54,70,46,44,64,,31,38,36,31,38,63,50,42,33,29,50,44,38,38,38,46,22,22,13,15,25,29,25,22,23,38,33,11,17,14,43,42,0,0,50,0,0,18,18,20,0,0,0,13,13,13,25,30,25,25,11,22,9,0,10,10,50,44,44,14,25,25,14,33,25,30,0,14,14,45,38,50,38,46,29,29,44,40,25,25,36,22,33,33,14,0,25,25,8,27,11,13
NC_029025,33,21,33,23,62,62,57,46,42,31,25,43,33,17,20,8,33,0,18,10,0,18,29,23,9,10,29,29,14,14,7,8,23,29,25,25,38,33,11,21,17,20,17,23,40,50,33,40,43,22,20,33,40,21,20,21,29,11,0,17,50,27,45,50,38,21,14,20,14,33,45,31,,62,33,21,50,50,38,33,0,14,20,22,25,25,25,21,11,22,13,21,38,43,13,33,8,0,17,22,0,0,14,50,0,0,33,36,17,9,9,30,22,20,13,25,25,25,25,20,42,38,44,11,9,10,30,30,25,33,33,14,38,38,29,44,38,30,22,14,29,36,38,25,21,31,29,29,44,20,25,25,9,22,11,22,14,0,13,13,25,25,22,25
NC_002321,36,31,36,33,46,46,46,31,36,38,36,38,33,42,40,17,18,30,36,20,0,27,23,33,18,40,43,29,38,38,23,25,15,15,18,36,25,27,38,31,45,44,45,25,60,60,44,60,43,44,40,33,40,31,20,46,54,0,0,17,33,36,55,40,38,31,15,40,23,44,45,38,62,,55,38,62,50,38,42,11,14,30,33,25,25,38,23,22,11,0,38,50,43,13,22,38,13,33,22,0,0,14,42,0,100,33,36,25,18,18,20,11,10,13,13,13,13,25,10,17,8,22,11,9,10,10,10,25,22,44,29,13,13,29,44,25,30,22,0,43,36,25,25,31,38,14,14,11,0,0,0,18,0,44,11,14,0,13,13,42,27,44,50
NC_023589,50,42,31,29,18,18,25,27,50,27,17,17,30,30,38,30,25,25,33,13,11,33,36,43,33,38,60,40,21,21,21,20,36,36,42,50,50,42,18,29,36,42,42,33,75,75,57,75,40,57,63,71,75,46,50,58,71,29,33,75,100,56,56,75,33,36,31,63,43,71,33,36,33,55,,46,50,50,50,40,14,40,38,43,17,17,33,15,29,43,33,29,67,40,50,57,36,33,25,43,50,0,20,30,0,0,25,44,50,56,56,50,14,13,17,17,17,17,0,13,20,17,14,14,22,25,0,0,17,29,14,0,17,17,80,14,17,25,14,20,40,44,33,30,14,27,0,0,29,33,17,17,56,29,14,0,0,0,0,0,30,17,43,33
NC_009810,25,43,46,21,13,13,13,23,8,23,33,27,17,21,17,23,17,25,31,25,15,15,12,36,15,8,11,11,6,12,41,25,23,18,25,33,31,33,30,41,23,27,33,31,42,42,45,50,22,45,42,27,42,33,33,64,59,18,29,13,13,23,33,33,20,35,6,33,12,18,17,31,21,38,46,,56,40,30,36,27,22,25,36,30,30,20,18,18,18,20,12,40,56,20,27,20,20,25,55,50,22,44,21,60,33,63,23,36,54,54,42,18,8,10,10,10,10,20,17,21,15,9,27,17,17,17,17,20,27,36,11,20,20,44,18,10,42,27,22,22,46,10,8,12,23,0,0,36,57,10,10,38,18,27,27,33,17,10,10,14,8,18,40
NC_028903,25,29,31,27,43,43,40,38,42,23,17,27,17,31,27,23,25,33,50,27,25,25,24,31,8,18,38,25,28,28,28,25,31,24,50,50,31,50,33,33,36,33,42,31,64,64,50,64,38,50,45,50,55,33,36,71,56,20,33,29,43,50,58,45,33,33,13,36,29,40,50,38,50,62,50,56,,67,67,46,30,38,36,50,33,33,44,25,20,30,22,24,44,38,33,40,14,11,29,50,29,25,50,46,50,50,71,33,31,50,50,27,0,0,0,11,11,11,11,18,15,15,30,20,8,9,18,18,33,30,30,13,33,33,63,20,11,36,10,13,25,33,33,8,11,15,13,13,20,17,0,0,25,10,20,10,25,20,22,22,31,33,40,44
NC_031016,50,38,33,29,55,55,55,38,33,25,0,22,0,30,20,11,17,0,40,40,18,20,17,43,9,0,36,9,22,17,27,13,13,9,17,33,29,33,0,27,0,0,17,14,50,60,58,50,36,42,33,36,50,38,27,38,50,42,44,50,40,50,78,45,33,42,27,30,33,18,56,63,50,50,50,40,67,,75,50,33,45,50,64,42,50,33,33,33,50,33,33,33,36,50,55,25,25,30,33,50,18,36,33,14,0,50,27,18,33,33,33,8,8,0,17,17,17,25,20,30,14,17,17,11,0,20,20,42,33,42,36,25,25,36,42,17,45,25,36,36,50,25,25,25,13,27,36,33,22,0,0,17,25,17,33,36,25,33,33,8,17,17,8
NC_019715,50,38,33,29,36,36,36,25,33,25,0,22,0,20,20,0,17,0,30,50,27,30,29,43,9,8,17,8,11,8,18,25,13,27,17,33,29,33,0,27,0,0,17,14,30,40,42,25,17,29,29,27,50,50,36,25,36,38,36,42,25,50,78,45,31,21,18,20,29,18,44,50,38,38,50,30,67,75,,46,50,38,50,73,29,33,31,25,25,50,36,21,33,23,42,45,29,33,42,50,42,38,50,50,44,29,42,36,36,31,31,33,8,8,15,17,17,17,25,20,30,29,23,17,22,8,30,30,36,25,17,25,29,29,38,25,31,27,25,31,33,36,15,38,43,0,17,33,31,18,8,8,25,23,29,38,46,30,36,50,29,17,21,14
NC_024384,30,42,30,36,20,20,20,25,40,33,10,15,8,36,17,8,10,22,23,17,29,8,18,27,14,7,42,25,31,31,33,33,8,13,10,20,18,20,14,27,20,38,50,36,58,67,62,50,42,43,47,50,64,42,38,33,35,50,60,55,45,62,75,46,38,29,40,50,41,33,25,42,33,42,40,36,46,50,46,,69,83,50,58,54,50,54,56,54,69,54,47,58,33,42,58,41,50,55,46,45,42,33,35,25,0,27,14,20,31,31,21,15,20,15,25,25,25,25,17,21,18,14,8,33,21,17,17,15,8,15,33,23,23,33,38,31,15,23,50,50,44,15,25,12,25,17,33,21,20,8,8,13,14,7,7,33,22,46,42,24,10,0,0
NC_002796,14,22,57,50,8,8,8,11,14,11,43,20,11,9,9,10,0,17,27,45,42,36,23,25,8,8,27,18,20,23,42,56,11,17,14,14,13,14,25,33,14,20,29,38,36,36,46,31,27,31,31,33,38,33,33,33,23,54,56,40,30,64,50,25,33,31,42,27,31,25,30,33,0,11,14,27,30,33,50,69,,82,54,58,50,50,42,54,46,46,42,31,33,27,33,25,46,58,60,54,50,55,55,38,57,20,50,25,25,38,38,23,23,23,25,25,25,25,33,18,18,25,31,31,30,23,18,18,17,15,23,36,42,42,45,31,25,33,38,55,36,46,25,33,23,11,9,27,8,33,0,0,8,8,8,23,27,25,58,50,31,0,0,8
NC_028851,40,29,40,67,10,10,10,14,20,14,20,0,14,22,11,13,20,0,11,22,40,22,23,17,20,0,50,33,38,36,40,43,14,20,20,40,33,40,0,30,0,0,20,17,56,56,55,36,50,46,46,60,64,57,50,29,23,67,64,58,50,78,63,40,50,46,40,44,38,30,25,29,14,14,40,22,38,45,38,83,82,,45,50,54,64,58,64,45,73,46,38,55,23,55,50,38,55,50,45,50,31,33,38,22,0,25,10,20,42,42,18,18,17,17,27,27,27,27,22,33,33,17,18,38,27,22,22,23,18,18,33,31,31,31,36,33,30,36,38,42,31,8,29,8,0,17,33,17,18,0,0,9,8,0,8,23,20,46,45,23,0,8,8
NC_024387,38,50,25,56,31,31,31,30,38,30,13,27,10,25,25,0,13,14,33,50,54,42,29,33,15,14,45,36,27,29,23,30,30,15,25,50,44,38,60,31,13,17,25,33,25,33,46,36,18,31,21,33,29,20,15,10,14,31,22,40,30,33,45,38,25,29,54,42,36,33,45,50,20,30,38,25,36,50,50,50,54,45,,75,42,42,25,36,46,31,17,21,25,9,25,33,43,42,40,31,20,18,27,29,14,20,30,31,8,29,29,21,8,7,0,33,33,33,17,17,17,0,15,23,18,21,8,8,25,31,15,18,25,25,36,38,17,23,15,36,45,50,33,40,14,20,27,27,31,33,0,0,7,15,8,15,9,13,33,33,21,13,8,17
NC_007045,43,44,29,38,33,33,33,33,43,33,14,30,0,18,18,0,14,17,45,36,25,27,17,25,0,8,30,10,20,17,33,33,11,17,14,43,25,29,50,33,14,20,29,25,36,45,50,42,20,33,50,25,42,44,42,22,25,50,63,56,22,55,70,42,55,33,25,27,25,33,40,44,22,33,43,36,50,64,73,58,58,50,75,,36,45,27,33,33,42,27,25,36,20,45,50,42,36,33,50,44,50,60,50,50,25,44,33,33,42,42,33,25,17,18,27,27,27,18,18,27,13,25,17,20,0,9,9,36,25,17,30,36,36,70,33,18,25,25,40,50,50,27,44,25,11,10,30,33,25,0,0,8,17,17,33,40,29,36,36,17,0,0,18
NC_025460,17,13,17,29,27,27,27,25,17,13,33,22,25,40,40,22,33,40,30,10,9,20,19,14,27,0,25,17,22,25,27,13,0,0,0,33,14,17,33,18,0,0,0,0,50,50,58,33,58,50,29,45,50,38,36,25,19,38,31,25,29,60,44,27,46,38,36,30,50,18,33,38,25,25,17,30,33,42,29,54,50,54,42,36,,75,62,67,58,42,36,44,42,27,42,36,33,33,38,8,17,14,8,19,18,11,21,9,18,15,15,0,17,31,15,25,25,25,17,10,20,14,23,17,11,33,30,30,29,25,25,25,13,13,8,25,23,18,8,15,25,25,38,25,13,13,25,17,15,8,0,0,0,0,0,8,21,17,38,33,29,0,0,21
NC_004996,17,13,17,29,18,18,18,38,33,13,17,11,13,40,20,22,33,0,30,20,18,20,17,14,27,17,27,27,33,42,18,0,0,0,0,33,14,17,33,18,0,0,0,0,50,50,67,42,64,50,33,45,42,25,27,25,25,42,56,40,40,60,44,27,58,58,36,30,33,18,33,38,25,25,17,30,33,50,33,50,50,64,42,45,75,,42,58,50,50,33,42,50,36,33,27,42,33,30,17,30,27,18,17,29,0,40,0,9,8,8,8,8,17,25,33,33,33,25,20,30,29,17,8,33,25,30,30,33,33,33,36,8,8,9,33,17,27,17,18,36,42,33,38,25,25,27,36,17,11,8,8,0,0,8,17,27,38,50,42,8,17,8,25
NC_007458,17,13,33,29,27,27,27,13,17,13,33,11,25,40,50,44,67,80,30,20,18,0,15,14,45,17,33,25,44,42,45,50,25,27,33,50,43,33,67,45,33,25,33,14,60,40,42,33,58,54,54,64,67,75,64,25,23,46,40,36,36,50,56,27,38,23,36,50,38,36,33,38,25,38,33,20,44,33,31,54,42,58,25,27,62,42,,67,50,50,46,62,58,25,42,45,38,42,55,25,27,25,42,38,38,17,27,27,36,31,31,17,17,23,23,17,17,17,25,20,30,29,23,17,11,25,30,30,23,17,25,25,23,23,17,17,46,18,17,17,42,15,23,38,23,13,42,42,15,10,8,8,8,0,15,15,25,22,54,42,38,50,23,15
NC_020873,17,21,31,36,31,31,29,38,33,31,25,20,33,36,33,54,50,33,38,17,29,8,11,14,36,21,45,45,56,53,56,50,15,11,17,25,23,25,40,28,31,45,42,38,58,50,54,36,64,54,50,50,50,27,38,21,21,46,33,30,50,62,50,31,42,32,50,50,53,33,42,46,21,23,15,18,25,33,25,56,54,64,36,33,67,58,67,,69,38,42,47,42,27,33,33,35,42,30,15,20,36,18,31,14,0,10,0,7,20,20,0,0,7,17,17,17,17,17,8,14,8,0,15,8,29,25,25,42,23,23,18,8,8,9,31,42,0,8,18,27,33,25,42,21,31,45,36,23,22,25,25,20,8,23,15,18,38,50,42,13,25,8,0
NC_005354,29,44,14,25,25,25,25,44,57,33,43,50,33,45,27,40,43,50,64,18,17,27,8,25,50,31,27,27,40,38,33,22,22,8,14,0,25,14,25,33,29,40,29,38,45,55,62,46,55,46,38,50,54,33,33,22,31,46,33,30,40,55,50,33,33,31,67,45,38,33,20,22,11,22,29,18,20,33,25,54,46,45,46,33,58,50,50,69,,38,50,54,50,45,33,42,46,42,40,15,30,18,9,15,14,0,10,17,25,31,31,15,8,15,25,17,17,17,17,18,9,25,0,0,30,54,36,36,25,23,23,18,8,8,27,15,17,0,0,9,18,38,33,44,31,44,55,36,0,11,17,17,8,8,23,15,27,63,50,50,23,29,23,8
NC_021792,57,33,14,25,8,8,8,22,43,33,14,10,22,36,18,20,29,17,18,27,33,27,31,38,25,8,36,18,20,23,25,22,22,25,29,29,38,57,0,25,14,20,29,25,55,55,54,38,55,46,46,58,69,56,50,33,31,54,67,80,70,64,50,42,50,46,42,45,46,33,20,22,22,11,43,18,30,50,50,69,46,73,31,42,42,50,50,38,38,,83,69,58,36,58,67,46,50,50,31,70,27,36,38,29,0,30,25,33,31,31,23,23,23,25,33,33,33,33,18,27,25,8,0,40,23,18,18,25,8,8,27,25,25,36,38,33,25,31,55,36,23,17,33,8,22,18,36,23,22,17,17,23,38,15,31,45,38,50,42,31,14,15,8
NC_004313,33,25,17,14,9,9,9,13,33,25,33,22,25,40,20,33,33,40,30,10,27,30,21,43,45,17,25,8,11,17,36,38,38,36,50,17,29,50,0,36,33,25,50,29,50,50,50,50,50,43,50,55,75,63,55,38,43,54,64,58,58,60,44,36,38,36,45,40,29,27,11,13,13,0,33,20,22,33,36,54,42,46,17,27,36,33,46,42,50,83,,71,50,38,58,64,29,50,33,25,50,23,25,29,22,0,17,18,27,31,31,25,25,31,31,42,42,42,33,20,20,29,8,0,33,33,40,40,14,0,8,17,29,29,31,25,31,9,17,38,17,14,15,25,21,25,33,33,23,27,25,25,33,46,21,31,31,50,43,33,21,0,14,14
NC_008721,33,36,8,20,19,19,18,23,33,38,42,27,33,57,42,31,25,50,31,0,7,15,28,13,36,21,25,17,29,30,32,17,8,5,8,17,15,25,18,16,36,42,33,15,50,50,54,36,58,47,44,50,57,40,38,29,26,29,38,50,50,46,33,23,38,32,33,42,40,33,17,15,21,38,29,12,24,33,21,47,31,38,21,25,44,42,62,47,54,69,71,,50,27,50,50,40,25,23,8,33,21,17,35,20,14,16,21,20,13,13,7,23,27,31,25,25,25,25,17,21,8,7,15,17,36,33,33,29,8,15,8,21,21,15,38,38,8,8,23,33,21,23,33,23,38,25,17,21,15,25,25,20,29,24,14,21,38,29,25,11,8,20,14
NC_021326,67,50,33,43,27,27,27,50,50,63,50,33,38,40,30,33,50,40,40,0,9,10,8,0,36,25,27,18,33,42,27,25,25,27,33,33,43,50,33,27,50,25,33,14,60,60,75,58,73,58,58,64,75,63,55,38,42,42,56,50,50,60,56,45,58,42,36,60,33,36,11,25,38,50,67,40,44,33,33,58,33,55,25,36,42,50,58,42,50,58,50,50,,64,42,55,33,33,30,33,40,18,18,25,43,0,20,36,45,50,50,50,17,25,25,17,17,17,25,20,30,29,17,17,22,17,10,10,25,17,25,18,8,8,36,25,33,9,25,18,45,25,25,50,25,25,18,27,17,22,17,17,17,17,17,17,18,25,33,25,33,17,8,17
NC_009815,60,43,40,17,30,30,30,57,40,57,60,50,29,33,22,38,20,25,44,11,0,11,20,0,20,18,17,8,13,9,30,14,14,20,20,0,17,20,0,20,40,33,20,33,56,67,64,45,50,31,23,40,45,29,30,57,53,33,23,25,21,44,38,40,33,27,30,44,27,20,13,29,43,43,40,56,38,36,23,33,27,23,9,20,27,36,25,27,45,36,38,27,64,,36,50,29,18,8,45,50,21,25,27,36,22,36,30,40,50,50,36,27,25,17,0,0,0,18,11,11,17,17,27,13,9,11,11,31,27,45,33,27,27,46,18,8,30,27,15,8,13,17,29,13,43,25,25,25,54,36,36,27,33,27,25,7,33,13,9,23,0,8,23
NC_006949,67,50,33,43,36,36,36,38,33,25,50,33,38,40,30,33,50,40,40,10,18,30,33,14,27,17,36,9,22,17,36,38,25,36,33,33,43,50,0,18,17,50,33,43,50,60,42,42,45,50,58,45,67,75,55,38,33,42,44,60,50,70,56,55,33,42,27,40,42,27,22,25,13,13,50,20,33,50,42,42,33,55,25,45,42,33,42,33,33,58,58,50,42,36,,82,33,25,20,33,70,18,27,42,43,20,30,27,27,50,50,33,33,50,33,33,33,33,33,30,40,29,42,17,33,25,30,30,33,33,25,45,50,50,45,33,42,36,42,36,27,17,17,38,8,13,27,27,25,22,17,17,42,25,8,25,27,25,17,17,17,0,17,8
NC_006557,71,44,14,25,33,33,33,33,57,44,29,30,33,36,27,30,43,33,45,18,17,27,33,25,25,17,40,10,20,17,33,33,22,33,29,29,38,43,0,17,14,20,29,25,45,55,50,50,50,50,58,42,67,67,50,33,42,42,50,56,44,55,60,58,36,42,25,36,50,25,20,22,33,22,57,27,40,55,45,58,25,50,33,50,36,27,45,33,42,67,64,50,55,50,82,,33,27,22,42,67,20,30,50,50,25,33,42,42,58,58,42,33,50,36,27,27,27,27,27,36,25,25,8,30,25,27,27,36,25,17,40,55,55,60,17,27,33,33,30,40,25,18,33,8,22,30,30,33,25,27,27,25,42,0,25,20,14,18,18,25,14,8,9
NC_020482,27,38,18,33,13,13,13,31,36,31,18,14,8,43,25,23,27,30,23,33,14,31,30,33,29,36,17,17,29,24,19,33,15,25,18,27,33,36,38,31,27,33,27,17,33,33,38,14,25,20,25,25,29,46,38,23,15,43,33,42,23,46,33,38,38,30,31,33,35,33,33,23,8,38,36,20,14,25,29,41,46,38,43,42,33,42,38,35,46,46,29,40,33,29,33,33,,67,62,23,42,21,25,21,30,38,38,21,20,25,25,14,31,27,38,17,17,17,25,17,36,25,14,0,58,36,17,17,36,38,15,42,20,20,23,38,31,23,31,31,50,33,15,58,30,31,8,25,14,17,25,25,27,14,38,36,36,18,53,50,44,18,33,21
NC_019508,33,25,17,14,0,0,0,13,17,25,17,11,13,10,20,33,33,40,10,50,45,50,8,43,45,33,36,18,22,25,18,50,50,45,67,33,43,33,33,45,50,50,67,43,40,30,42,33,36,33,33,45,42,50,55,25,17,75,56,50,40,50,33,36,25,33,55,40,50,36,33,38,0,13,33,20,11,25,33,50,58,55,42,36,33,33,42,42,42,50,50,25,33,18,25,27,67,,80,25,40,27,36,25,14,20,20,18,18,33,33,25,33,25,25,25,25,25,25,10,20,14,8,0,56,42,20,20,8,17,0,27,17,17,27,25,33,27,25,36,45,42,33,50,33,25,18,36,25,33,25,25,42,25,17,25,27,13,50,42,33,17,8,8
NC_025461,25,17,50,20,11,11,11,0,0,17,0,14,17,0,0,14,0,0,13,50,33,25,8,40,22,10,27,9,14,20,11,50,17,22,25,25,20,25,0,44,0,0,25,20,25,25,30,20,18,25,17,33,40,33,44,17,8,45,42,33,23,38,43,22,18,15,44,25,31,22,29,33,17,33,25,25,29,30,42,55,60,50,40,33,38,30,55,30,40,50,33,23,30,8,20,22,62,80,,30,25,15,45,31,30,38,38,11,11,27,27,20,30,18,27,20,20,20,40,38,38,60,18,0,71,50,25,25,17,20,10,36,23,23,17,30,36,44,30,33,55,54,18,17,31,17,27,45,18,25,0,0,20,9,31,27,46,18,54,60,58,50,33,17
NC_029069,29,22,43,38,8,8,8,11,14,11,29,20,11,9,9,20,29,17,36,45,42,27,31,13,17,15,27,27,20,23,50,56,33,42,43,43,38,43,25,25,14,0,29,25,27,27,23,31,9,31,38,33,46,56,42,44,54,38,44,30,10,27,40,50,17,8,8,18,15,17,10,11,22,22,43,55,50,33,50,46,54,45,31,50,8,17,25,15,15,31,25,8,33,45,33,42,23,25,30,,70,64,73,54,86,80,70,42,42,54,54,46,31,31,17,8,8,8,17,9,18,25,38,46,20,0,18,18,25,15,23,45,50,50,64,15,17,42,46,45,36,31,8,11,8,0,9,27,23,33,17,17,15,15,8,15,36,13,25,25,31,14,15,33
NC_017985,50,33,50,20,0,0,0,17,25,17,50,14,17,25,13,43,25,33,25,50,33,38,33,20,22,20,27,18,14,20,56,50,33,44,50,25,40,50,0,22,25,50,50,60,50,50,40,40,36,50,58,44,60,67,44,67,50,64,55,58,42,63,57,67,36,33,33,38,33,22,14,17,0,0,50,50,29,50,42,45,50,50,20,44,17,30,27,20,30,70,50,33,40,50,70,67,42,40,25,70,,33,55,50,56,29,58,33,44,64,64,40,30,36,27,20,20,20,30,13,13,20,27,10,43,10,13,13,25,10,20,45,50,50,58,20,18,44,50,50,18,17,9,33,8,17,9,27,9,27,20,20,40,18,17,27,42,20,25,30,17,0,17,17
NC_024788,0,0,20,17,0,0,0,14,20,0,20,13,0,22,22,38,40,25,33,44,40,11,21,0,30,27,25,33,38,27,50,57,14,30,20,20,17,0,50,30,20,33,20,33,22,11,9,9,17,15,38,20,18,43,40,29,29,42,42,33,8,22,25,10,25,21,10,11,21,20,13,14,0,0,0,22,25,18,38,42,55,31,18,50,14,27,25,36,18,27,23,21,18,21,18,20,21,27,15,64,33,,67,36,40,25,31,30,50,25,25,18,36,25,42,18,18,18,27,22,22,33,33,36,38,18,33,33,23,18,27,50,36,36,46,18,33,20,36,38,25,21,25,43,43,29,25,42,17,17,36,36,18,8,21,33,43,36,43,45,23,40,15,8
NC_021864,20,14,60,17,10,10,10,0,0,0,20,13,0,0,11,25,20,25,22,78,50,33,17,33,10,9,25,25,13,18,60,57,29,30,40,40,33,20,50,50,20,33,40,50,33,22,18,18,17,33,50,30,27,57,50,43,42,50,50,36,9,33,50,30,25,17,20,22,17,30,38,43,14,14,20,44,50,36,50,33,55,33,27,60,8,18,42,18,9,36,25,17,18,25,27,30,25,36,45,73,55,67,,67,75,67,73,30,40,33,33,27,36,17,33,9,9,9,27,22,22,33,33,27,25,0,22,22,25,18,27,42,50,50,58,9,25,40,27,33,25,25,17,29,25,14,25,42,25,30,18,18,18,17,17,33,50,22,42,36,25,40,17,17
NC_027990,40,25,40,36,27,27,27,25,40,25,40,31,17,21,25,15,30,22,23,42,29,38,30,27,14,36,50,50,38,38,40,42,25,33,30,40,45,40,43,47,40,38,40,45,50,42,31,29,33,53,50,42,29,42,38,25,25,36,38,33,29,46,58,46,38,25,33,33,35,42,50,42,50,42,30,21,46,33,50,35,38,38,29,50,19,17,38,31,15,38,29,35,25,27,42,50,21,25,31,54,50,36,67,,64,56,43,29,20,31,31,14,23,20,15,25,25,25,25,33,36,27,36,15,17,14,33,33,50,31,23,33,56,56,54,15,23,31,15,15,17,16,23,42,25,33,25,33,36,23,33,33,20,21,18,14,36,25,19,25,33,30,20,29
NC_023007,0,0,100,0,0,0,0,0,0,0,100,25,0,0,0,25,0,0,40,60,33,40,33,0,0,29,0,13,0,29,50,67,0,33,0,0,0,0,0,17,0,0,0,50,20,20,29,29,25,44,44,17,29,67,33,67,33,25,27,11,15,40,50,50,38,7,0,0,17,0,0,0,0,0,0,60,50,14,44,25,57,22,14,50,18,29,38,14,14,29,22,20,43,36,43,50,30,14,30,86,56,40,75,64,,77,73,50,50,50,50,43,29,50,50,14,14,14,29,20,20,50,63,29,25,0,20,20,33,14,14,38,36,36,44,0,25,33,43,22,38,33,25,33,13,0,0,13,0,18,14,14,14,0,18,25,40,17,20,29,44,0,22,44
NC_007917,0,0,0,0,0,0,0,0,0,100,0,50,0,0,0,50,0,0,33,100,50,100,50,0,25,40,33,33,50,40,25,100,0,25,0,0,0,0,0,0,0,0,0,0,0,0,0,0,0,29,14,0,0,0,0,0,29,0,0,0,18,0,0,50,0,0,0,0,20,0,0,0,0,100,0,33,50,0,29,0,20,0,20,25,11,0,17,0,0,0,0,14,0,22,20,25,38,20,38,80,29,25,67,56,77,,57,25,0,17,17,0,40,33,33,0,0,0,20,0,0,0,33,40,50,20,0,0,43,40,20,50,33,33,29,0,17,25,20,0,33,36,17,0,7,0,17,17,17,11,40,40,40,17,22,0,25,0,7,0,57,0,43,57
NC_019422,25,17,75,20,22,22,22,17,0,0,25,29,0,13,13,14,0,0,38,75,44,38,32,40,0,20,9,9,0,20,44,33,17,22,25,25,20,25,0,33,0,0,25,40,38,38,40,40,27,42,33,22,20,33,22,67,32,27,38,17,19,25,43,33,18,22,11,13,13,11,43,50,33,33,25,63,71,50,42,27,50,25,30,44,21,40,27,10,10,30,17,16,20,36,30,33,38,20,38,70,58,31,73,43,73,57,,22,22,36,36,30,10,27,27,0,0,0,20,13,13,20,45,20,14,0,25,25,25,20,30,36,41,41,42,20,9,67,30,33,27,37,27,0,11,17,9,18,9,23,10,10,20,9,21,18,31,8,21,30,25,25,25,42
NC_031264,44,27,22,20,29,29,29,27,33,18,44,42,36,15,25,25,22,38,38,33,21,46,36,20,14,23,20,10,17,14,21,36,45,43,44,33,40,44,33,21,33,29,33,30,25,25,17,38,10,17,23,25,31,27,23,36,43,17,13,22,33,23,25,31,18,21,21,17,21,33,25,0,36,36,44,23,33,27,36,14,25,10,31,33,9,0,27,0,17,25,18,21,36,30,27,42,21,18,11,42,33,30,30,29,50,25,22,,57,43,43,62,42,38,27,27,27,27,27,17,23,10,58,50,25,8,0,0,9,17,42,30,45,45,70,17,18,38,50,40,40,21,55,45,29,18,20,30,25,38,18,18,7,42,8,42,10,0,9,9,43,44,17,36
NC_018283,40,33,30,9,20,20,20,25,40,33,30,15,25,21,50,31,30,44,38,17,7,23,33,27,29,38,10,20,23,20,27,25,33,40,30,20,36,30,14,33,30,25,30,27,33,33,25,38,20,25,38,33,38,50,46,42,40,33,38,33,22,31,33,31,36,40,13,17,20,42,17,0,17,25,50,36,31,18,36,20,25,20,8,33,18,9,36,7,25,33,27,20,45,40,27,42,20,18,11,42,44,50,40,20,50,0,22,57,,57,57,54,42,46,55,27,27,27,27,17,21,27,33,25,17,15,17,17,18,0,17,20,18,18,70,0,18,23,33,30,30,14,27,17,27,17,0,10,0,13,27,27,29,25,25,33,30,43,27,36,40,40,33,27
NC_013059,56,45,44,40,36,36,36,45,44,45,33,17,18,15,33,50,44,50,54,17,14,15,6,10,14,29,25,17,17,13,36,45,36,50,44,33,30,44,33,21,33,29,33,30,33,33,38,43,25,36,40,33,43,55,46,64,50,43,40,36,27,38,33,38,23,25,14,33,31,33,25,18,9,18,56,54,50,33,31,31,38,42,29,42,15,8,31,20,31,31,31,13,50,50,50,58,25,33,27,54,64,25,33,31,50,17,36,43,57,,100,71,31,47,31,25,25,25,42,42,23,30,29,31,25,21,8,8,46,31,31,33,46,46,67,8,8,38,38,42,25,19,15,27,19,18,8,17,21,40,33,33,40,36,14,29,17,22,31,33,25,11,29,15
NC_011976,56,45,44,40,36,36,36,45,44,45,33,17,18,15,33,50,44,50,54,17,14,15,6,10,14,29,25,17,17,13,36,45,36,50,44,33,30,44,33,21,33,29,33,30,33,33,38,43,25,36,40,33,43,55,46,64,50,43,40,36,27,38,33,38,23,25,14,33,31,33,25,18,9,18,56,54,50,33,31,31,38,42,29,42,15,8,31,20,31,31,31,13,50,50,50,58,25,33,27,54,64,25,33,31,50,17,36,43,57,100,,71,31,47,31,25,25,25,42,42,23,30,29,31,25,21,8,8,46,31,31,33,46,46,67,8,8,38,38,42,25,19,15,27,19,18,8,17,21,40,33,33,40,36,14,29,17,22,31,33,25,11,29,15
NC_028835,63,60,50,33,46,46,46,50,38,40,38,27,20,17,33,36,50,43,42,17,8,17,0,11,23,29,18,9,9,14,23,40,50,54,50,38,44,50,20,15,25,17,38,33,25,25,38,43,18,31,36,33,43,60,46,40,43,31,33,30,30,25,27,38,17,29,15,33,14,42,27,20,30,20,50,42,27,33,33,21,23,18,21,33,0,8,17,0,15,23,25,7,50,36,33,42,14,25,20,46,40,18,27,14,43,0,30,62,54,71,71,,38,57,42,25,25,25,42,33,42,44,46,46,18,7,8,8,25,23,46,27,42,42,55,15,17,38,38,55,36,36,33,40,43,20,18,27,46,56,33,33,29,54,15,38,9,13,17,17,14,13,15,17
NC_029003,14,11,29,13,8,8,8,11,29,33,43,10,22,9,18,30,29,33,18,18,0,27,31,0,25,15,27,9,10,8,17,33,22,25,29,14,25,29,0,17,14,20,14,25,9,9,8,15,9,8,23,17,23,33,42,22,23,31,22,30,10,27,10,25,17,23,8,9,8,17,0,0,22,11,14,18,0,8,8,15,23,18,8,25,17,8,17,0,8,23,25,23,17,27,33,33,31,33,30,31,30,36,36,23,29,40,10,42,42,31,31,38,,69,58,33,33,33,50,36,55,50,46,46,60,38,36,36,17,31,31,55,50,50,55,15,17,33,38,27,45,15,25,22,15,22,18,27,38,44,25,25,15,31,23,38,27,13,8,8,15,0,8,17
NC_027299,25,20,25,11,31,31,31,20,38,40,50,18,30,17,42,45,50,57,33,17,0,25,33,0,31,36,17,8,9,14,15,40,20,38,25,13,22,25,0,0,13,17,13,22,8,8,15,21,25,21,27,17,29,50,38,20,13,21,20,18,9,25,9,31,15,27,8,8,20,17,9,0,20,10,13,8,0,8,8,20,23,17,7,17,31,17,23,7,15,23,31,27,25,25,50,50,27,25,18,31,36,25,17,20,50,33,27,38,46,47,47,57,69,,69,42,42,42,58,42,42,56,64,38,45,36,33,33,23,23,23,58,54,54,33,8,15,31,38,42,42,13,38,20,20,20,17,17,21,20,33,33,29,29,7,21,17,11,15,17,27,0,21,31
NC_016654,17,13,33,14,18,18,18,25,50,38,67,22,38,40,40,56,50,40,30,20,0,30,23,0,45,50,8,17,22,25,27,50,13,36,17,0,14,17,0,9,17,25,17,29,10,10,17,17,25,23,38,9,25,38,36,25,15,23,30,27,9,30,11,18,23,31,9,10,8,27,11,0,13,13,17,10,0,0,15,15,25,17,0,18,15,25,23,17,25,25,31,31,25,17,33,36,38,25,27,17,27,42,33,15,50,33,27,27,55,31,31,42,58,69,,42,42,42,58,50,40,57,31,17,67,58,50,50,15,17,25,42,38,38,33,0,31,18,25,25,33,15,15,38,31,38,17,17,8,10,42,42,33,23,31,31,25,33,31,33,15,17,38,15
NC_027393,0,0,17,14,18,18,18,13,50,13,17,0,25,20,20,11,17,0,20,0,27,30,33,29,27,33,27,45,22,25,0,13,25,36,33,33,14,17,33,18,33,25,33,14,10,10,8,33,9,8,8,18,25,13,9,13,8,17,22,30,30,30,22,27,25,25,27,10,17,18,22,13,25,13,17,10,11,17,17,25,25,27,33,27,25,33,17,17,17,33,42,25,17,0,33,27,17,25,20,8,20,18,9,25,14,0,0,27,27,25,25,25,33,42,42,,100,100,67,70,50,57,33,25,44,33,40,40,25,25,25,36,33,33,27,25,25,18,33,45,27,17,25,25,17,38,27,36,25,22,33,33,25,33,17,33,27,38,33,33,17,33,33,17
NC_005891,0,0,17,14,18,18,18,13,50,13,17,0,25,20,20,11,17,0,20,0,27,30,33,29,27,33,27,45,22,25,0,13,25,36,33,33,14,17,33,18,33,25,33,14,10,10,8,33,9,8,8,18,25,13,9,13,8,17,22,30,30,30,22,27,25,25,27,10,17,18,22,13,25,13,17,10,11,17,17,25,25,27,33,27,25,33,17,17,17,33,42,25,17,0,33,27,17,25,20,8,20,18,9,25,14,0,0,27,27,25,25,25,33,42,42,100,,100,67,70,50,57,33,25,44,33,40,40,25,25,25,36,33,33,27,25,25,18,33,45,27,17,25,25,17,38,27,36,25,22,33,33,25,33,17,33,27,38,33,33,17,33,33,17
NC_005879,0,0,17,14,18,18,18,13,50,13,17,0,25,20,20,11,17,0,20,0,27,30,33,29,27,33,27,45,22,25,0,13,25,36,33,33,14,17,33,18,33,25,33,14,10,10,8,33,9,8,8,18,25,13,9,13,8,17,22,30,30,30,22,27,25,25,27,10,17,18,22,13,25,13,17,10,11,17,17,25,25,27,33,27,25,33,17,17,17,33,42,25,17,0,33,27,17,25,20,8,20,18,9,25,14,0,0,27,27,25,25,25,33,42,42,100,100,,67,70,50,57,33,25,44,33,40,40,25,25,25,36,33,33,27,25,25,18,33,45,27,17,25,25,17,38,27,36,25,22,33,33,25,33,17,33,27,38,33,33,17,33,33,17
NC_025427,17,13,67,29,27,27,27,25,33,38,33,0,13,10,10,33,17,0,20,30,9,20,33,14,27,25,27,27,22,25,9,38,0,18,0,0,0,0,0,9,0,0,0,14,0,0,17,17,9,8,8,9,25,13,9,13,8,8,11,20,20,20,22,9,8,8,9,10,0,9,22,25,25,25,0,20,11,25,25,25,33,27,17,18,17,25,25,17,17,33,33,25,25,18,33,27,25,25,40,17,30,27,27,25,29,20,20,27,27,42,42,42,50,58,58,67,67,67,,80,70,86,42,33,56,42,40,40,42,42,50,64,50,50,27,25,25,36,42,55,36,17,17,38,33,38,36,45,25,44,33,33,33,33,42,58,36,38,42,42,25,33,42,8
NC_005262,13,10,38,22,25,25,25,20,25,20,25,9,30,25,17,18,13,0,25,8,8,8,17,11,17,25,11,33,18,17,0,10,0,17,0,0,0,0,0,8,13,0,0,0,0,0,9,8,0,0,8,0,8,10,8,10,8,9,14,25,0,17,18,17,10,17,17,17,17,9,18,30,20,10,13,17,18,20,20,17,18,22,17,18,10,20,20,8,18,18,20,17,20,11,30,27,17,10,38,9,13,22,22,33,20,0,13,17,17,42,42,33,36,42,50,70,70,70,80,,67,78,36,36,55,50,42,42,50,55,45,56,50,50,22,9,10,33,27,33,22,17,20,30,42,50,44,56,27,29,40,40,25,36,36,45,44,50,40,50,25,38,45,10
NC_026594,20,33,40,27,29,29,29,33,30,33,20,8,8,21,8,8,30,0,15,8,0,8,36,18,31,17,22,22,31,29,0,8,25,21,10,20,27,20,0,21,10,0,0,0,8,8,18,8,11,9,17,18,25,33,33,0,0,18,14,25,25,23,25,25,20,21,0,17,14,18,25,25,42,17,20,21,15,30,30,21,18,33,17,27,20,30,30,14,9,27,20,21,30,11,40,36,36,20,38,18,13,22,22,36,20,0,13,23,21,23,23,42,55,42,40,50,50,50,70,67,,73,55,36,42,42,58,58,50,73,55,56,60,60,22,36,40,50,45,33,44,31,20,42,50,33,44,56,64,57,40,40,15,36,36,64,44,17,30,30,29,30,18,0
NC_005357,17,23,42,23,25,25,23,33,42,25,8,8,18,9,11,18,33,9,30,11,0,10,31,15,30,11,0,17,8,8,0,9,8,31,25,17,23,8,0,15,0,0,0,0,0,0,13,0,0,0,11,13,22,38,33,0,0,25,25,20,0,20,20,22,14,23,8,11,0,0,10,25,38,8,17,15,15,14,29,18,25,33,0,13,14,29,29,8,25,25,29,8,29,17,29,25,25,14,60,25,20,33,33,27,50,0,20,10,27,30,30,44,50,56,57,57,57,57,86,78,73,,50,38,50,44,56,56,43,50,50,67,57,57,17,0,14,22,25,17,17,20,14,36,46,33,50,67,38,25,43,43,20,25,50,50,67,67,43,57,36,33,38,14
NC_024141,14,22,43,13,33,33,33,22,14,0,29,30,11,0,9,10,14,17,18,27,17,27,36,25,8,23,17,8,10,15,8,22,33,42,29,29,25,29,0,17,14,40,14,38,9,18,8,23,8,7,14,17,15,22,17,22,14,14,20,9,18,27,30,33,23,21,8,0,21,17,30,11,44,22,14,9,30,17,23,14,31,17,15,25,23,17,23,0,0,8,8,7,17,17,42,25,14,8,18,38,27,33,33,36,63,33,45,58,33,29,29,46,46,64,31,33,33,33,42,36,55,50,,46,20,8,27,27,23,38,38,58,62,62,42,23,23,50,46,42,33,21,54,22,29,0,25,33,21,30,17,17,15,14,7,36,25,0,15,17,43,29,21,38
NC_019710,14,11,57,50,17,17,17,11,0,22,43,10,44,18,27,30,29,33,27,18,25,18,31,0,17,8,27,27,20,15,33,33,22,17,29,29,25,29,25,8,14,0,14,13,9,0,8,15,0,8,8,17,15,22,17,22,31,8,0,10,10,9,0,17,0,15,8,27,15,8,0,22,11,11,14,27,20,17,17,8,31,18,23,17,17,8,17,15,0,0,0,15,17,27,17,8,0,0,0,46,10,36,27,15,29,40,20,50,25,31,31,46,46,38,17,25,25,25,33,36,36,38,46,,10,8,18,18,33,31,54,36,42,42,36,15,8,33,38,27,27,15,25,11,15,22,18,18,46,56,25,25,15,38,23,23,0,0,0,0,15,14,8,25
NC_028696,11,9,11,20,0,0,0,18,33,27,22,17,27,25,9,33,22,13,25,27,17,33,33,0,25,27,13,13,17,17,8,27,18,25,22,11,20,22,17,17,11,14,22,20,9,9,10,9,13,10,18,10,18,18,27,18,17,30,33,43,14,25,17,18,11,17,33,9,8,10,8,9,9,9,22,17,8,11,22,33,30,38,18,20,11,33,11,8,30,40,33,17,22,13,33,30,58,56,71,20,43,38,25,17,25,50,14,25,17,25,25,18,60,45,67,44,44,44,56,55,42,50,20,10,,73,36,36,11,40,20,63,33,33,25,20,22,27,40,25,50,25,22,36,33,36,25,50,20,17,33,33,25,20,40,30,63,40,33,44,33,44,40,22
NC_017973,13,20,13,22,8,8,8,20,38,30,50,27,40,42,25,45,38,29,33,17,15,33,29,11,62,43,27,27,36,36,8,20,20,15,13,0,22,13,0,15,25,17,13,22,8,8,15,14,27,23,14,25,21,20,23,20,14,15,0,10,20,17,0,8,0,14,31,17,21,17,0,0,10,10,25,17,9,0,8,21,23,27,21,0,33,25,25,29,54,23,33,36,17,9,25,25,36,42,50,0,10,18,0,14,0,20,0,8,15,21,21,7,38,36,58,33,33,33,42,50,42,44,8,8,73,,67,67,8,38,15,27,25,25,9,15,33,23,15,9,27,21,25,20,29,40,45,27,15,22,33,33,29,15,38,15,27,38,25,42,21,25,46,17
NC_003315,0,10,25,22,17,17,17,10,25,10,38,9,20,33,17,18,38,14,25,17,17,25,25,33,58,42,11,22,27,25,17,10,30,25,25,13,22,13,0,42,25,0,13,11,8,8,9,17,22,18,17,27,25,30,33,10,8,27,29,0,0,17,18,8,10,8,8,8,8,9,9,10,30,10,0,17,18,20,30,17,18,22,8,9,30,30,30,25,36,18,40,33,10,11,30,27,17,20,25,18,13,33,22,33,20,0,25,0,17,8,8,8,36,33,50,40,40,40,40,42,58,56,27,18,36,67,,100,30,45,27,33,40,40,11,9,30,33,18,0,11,8,0,10,33,20,44,22,27,14,40,40,17,18,36,27,44,50,30,40,8,25,36,0
NC_001697,0,10,25,22,17,17,17,10,25,10,38,9,20,33,17,18,38,14,25,17,17,25,25,33,58,42,11,22,27,25,17,10,30,25,25,13,22,13,0,42,25,0,13,11,8,8,9,17,22,18,17,27,25,30,33,10,8,27,29,0,0,17,18,8,10,8,8,8,8,9,9,10,30,10,0,17,18,20,30,17,18,22,8,9,30,30,30,25,36,18,40,33,10,11,30,27,17,20,25,18,13,33,22,33,20,0,25,0,17,8,8,8,36,33,50,40,40,40,40,42,58,56,27,18,36,67,100,,30,45,27,33,40,40,11,9,30,33,18,0,11,8,0,10,33,20,44,22,27,14,40,40,17,18,36,27,44,50,30,40,8,25,36,0
NC_028952,33,25,33,29,36,36,36,38,33,38,0,0,13,30,20,22,33,0,30,20,0,10,14,43,9,25,33,42,22,17,18,0,0,18,0,17,14,33,0,18,0,0,0,0,20,20,33,17,25,29,21,18,17,25,18,13,14,23,18,17,25,30,44,27,38,21,9,20,36,18,44,50,25,25,17,20,33,42,36,15,17,23,25,36,29,33,23,42,25,25,14,29,25,31,33,36,36,8,17,25,25,23,25,50,33,43,25,9,18,46,46,25,17,23,15,25,25,25,42,50,50,43,23,33,11,8,30,30,,67,42,42,36,36,31,25,8,27,17,23,17,21,15,50,29,25,33,33,38,36,50,50,33,46,36,46,38,30,43,50,29,33,36,14
NC_028677,29,44,43,50,33,33,33,44,29,22,14,10,11,18,9,20,29,0,18,27,8,27,31,38,17,23,36,36,30,23,0,0,22,17,0,14,25,14,0,25,0,0,0,13,9,9,23,8,9,8,8,17,8,11,17,11,15,8,0,10,20,27,30,25,17,23,17,27,23,25,40,44,33,22,29,27,30,33,25,8,15,18,31,25,25,33,17,23,23,8,0,8,17,27,33,25,38,17,20,15,10,18,18,31,14,40,20,17,0,31,31,23,31,23,17,25,25,25,42,55,73,50,38,31,40,38,45,45,67,,54,55,50,50,18,31,25,50,38,18,27,31,25,56,46,22,55,45,46,56,42,42,23,31,31,54,27,25,25,25,15,29,38,8
NC_028910,14,33,86,50,50,50,50,56,29,22,57,30,22,45,27,40,29,33,45,18,0,9,8,13,25,23,27,18,40,31,33,33,22,17,14,14,13,14,50,25,29,20,29,25,36,27,31,38,18,31,23,17,15,11,8,33,46,8,11,10,20,27,30,8,8,23,17,36,8,25,40,44,33,44,14,36,30,42,17,15,23,18,15,17,25,33,25,23,23,8,8,15,25,45,25,17,15,0,10,23,20,27,27,23,14,20,30,42,17,31,31,46,31,23,25,25,25,25,50,45,55,50,38,54,20,15,27,27,42,54,,64,50,50,27,31,8,58,38,27,9,31,25,44,46,44,55,55,38,56,33,33,8,38,38,46,18,13,17,17,15,43,23,17
NC_001396,0,0,60,17,20,20,20,14,20,14,40,0,14,22,0,50,20,0,22,44,10,22,25,17,30,27,33,17,38,27,20,43,0,20,0,0,0,0,0,10,0,0,0,17,11,11,9,18,8,8,17,10,18,14,10,14,25,25,30,27,9,33,38,30,17,17,10,11,25,0,13,14,14,29,0,11,13,36,25,33,36,33,18,30,25,36,25,18,18,27,17,8,18,33,45,40,42,27,36,45,45,50,42,33,38,50,36,30,20,33,33,27,55,58,42,36,36,36,64,56,56,67,58,36,63,27,33,33,42,55,64,,58,58,33,18,8,60,55,42,33,17,17,29,25,14,42,58,17,30,27,27,18,17,25,42,42,11,33,36,42,40,33,17
NC_022750,17,25,67,29,36,36,36,13,17,13,50,33,25,10,10,22,17,20,30,40,18,30,37,29,9,8,33,17,0,0,27,50,25,36,17,17,14,17,0,18,0,0,17,29,10,10,8,17,17,21,29,9,25,38,27,25,16,23,31,25,25,30,33,27,15,32,9,10,18,18,33,25,38,13,17,20,33,25,29,23,42,31,25,36,13,8,23,8,8,25,29,21,8,27,50,55,20,17,23,50,50,36,50,56,36,33,41,45,18,46,46,42,50,54,38,33,33,33,50,50,60,57,62,42,33,25,40,40,36,50,50,58,,100,62,17,23,64,50,46,17,26,23,25,26,13,42,42,38,46,33,33,17,38,13,38,14,15,16,17,29,17,14,14
NC_004745,17,25,67,29,36,36,36,13,17,13,50,33,25,10,10,22,17,20,30,40,18,30,37,29,9,8,33,17,0,0,27,50,25,36,17,17,14,17,0,18,0,0,17,29,10,10,8,17,17,21,29,9,25,38,27,25,16,23,31,25,25,30,33,27,15,32,9,10,18,18,33,25,38,13,17,20,33,25,29,23,42,31,25,36,13,8,23,8,8,25,29,21,8,27,50,55,20,17,23,50,50,36,50,56,36,33,41,45,18,46,46,42,50,54,38,33,33,33,50,50,60,57,62,42,33,25,40,40,36,50,50,58,100,,62,17,23,64,50,46,17,26,23,25,26,13,42,42,38,46,33,33,17,38,13,38,14,15,16,17,29,17,14,14
NC_022757,60,43,40,17,20,20,20,29,60,29,40,38,14,11,11,25,20,25,56,33,20,44,23,33,10,18,42,25,13,9,40,43,43,40,60,40,50,60,0,40,40,67,60,67,44,56,36,55,25,31,46,40,45,57,50,71,54,50,45,42,33,56,63,50,42,38,30,22,23,40,25,14,29,29,80,44,63,36,38,33,45,31,36,70,8,9,17,9,27,36,31,15,36,46,45,60,23,27,17,64,58,46,58,54,44,29,42,70,70,67,67,55,55,33,33,27,27,27,27,22,22,17,42,36,25,9,11,11,31,18,27,33,62,62,,9,8,30,27,38,25,23,33,29,8,14,17,25,25,45,18,18,18,33,15,33,23,20,15,18,23,20,8,15
NC_028943,29,44,14,38,58,58,58,56,29,33,29,50,11,36,27,0,14,17,27,9,33,0,23,13,8,8,36,27,30,31,17,22,11,8,0,14,13,29,25,17,29,40,14,25,27,36,31,31,36,31,15,17,23,11,17,11,8,8,11,30,40,18,20,8,25,15,17,18,8,25,40,33,44,44,14,18,20,42,25,38,31,36,38,33,25,33,17,31,15,38,25,38,25,18,33,17,38,25,30,15,20,18,9,15,0,0,20,17,0,8,8,15,15,8,0,25,25,25,25,9,36,0,23,15,20,15,9,9,25,31,31,18,17,17,9,,67,42,54,64,55,62,33,33,23,22,27,36,31,44,8,8,15,23,31,38,36,13,25,25,15,0,15,17
NC_024211,33,38,0,29,45,45,45,38,17,25,33,44,25,30,40,22,50,40,10,10,36,0,23,0,36,17,33,33,33,33,27,50,25,36,17,33,29,17,33,18,33,50,17,29,20,20,17,8,42,31,31,27,42,50,45,0,0,15,10,27,36,20,22,18,23,8,18,20,15,27,33,25,38,25,17,10,11,17,31,31,25,33,17,18,23,17,46,42,17,33,31,38,33,8,42,27,31,33,36,17,18,33,25,23,25,17,9,18,18,8,8,17,17,15,31,25,25,25,25,10,40,14,23,8,22,33,30,30,8,25,8,8,23,23,8,67,,18,50,42,50,38,23,50,38,13,33,33,31,30,25,25,33,8,23,31,25,11,23,25,15,17,23,0
NC_028888,25,20,63,33,31,31,31,20,0,0,50,18,30,25,17,18,13,14,25,42,23,25,23,33,15,23,20,0,18,15,23,30,30,31,25,25,22,25,20,31,25,0,25,22,25,17,17,31,10,25,15,17,15,20,23,40,31,17,25,22,22,17,18,15,0,31,8,17,31,25,36,30,30,30,25,42,36,45,27,15,33,30,23,25,18,27,18,0,0,25,9,8,9,30,36,33,23,27,44,42,44,20,40,31,33,25,67,38,23,38,38,38,33,31,18,18,18,18,36,33,50,22,50,33,27,23,33,33,27,50,58,60,64,64,30,42,18,,75,50,30,46,27,10,23,10,30,40,33,63,18,18,15,33,25,50,30,0,18,18,31,38,25,27
NC_018279,14,11,43,38,25,25,25,11,0,11,57,20,44,9,9,20,14,17,18,27,25,18,38,13,8,15,18,9,20,15,25,44,22,33,14,14,13,14,25,17,29,0,14,13,9,0,0,15,9,8,15,8,23,22,25,22,15,15,22,30,20,18,10,17,17,15,0,9,15,17,10,0,22,22,14,27,10,25,25,23,38,36,15,25,8,17,17,8,0,31,17,8,25,27,42,33,31,25,30,46,50,36,27,15,43,20,30,50,33,38,38,38,38,38,25,33,33,33,42,27,45,25,46,38,40,15,18,18,17,38,38,55,50,50,27,54,50,75,,64,45,38,17,22,23,0,18,36,23,44,17,17,15,23,23,54,36,13,17,17,38,29,23,17
NC_019486,20,29,40,33,30,30,30,14,0,0,20,13,0,11,11,13,0,0,11,33,40,11,23,33,10,9,33,25,13,18,30,57,29,40,20,20,17,40,0,10,0,0,20,33,11,11,18,27,8,15,15,20,36,29,20,29,15,25,27,33,33,22,25,20,17,8,20,11,15,30,38,14,14,0,20,22,13,36,31,50,55,38,36,40,15,18,17,18,9,55,38,23,18,15,36,30,31,36,33,45,50,38,33,15,22,0,33,40,30,42,42,55,27,42,25,45,45,45,55,33,33,17,42,27,25,9,0,0,23,18,27,42,46,46,38,64,42,50,64,,42,46,33,29,15,0,25,42,25,55,18,18,27,42,23,50,38,20,38,45,23,0,23,8
NC_023718,40,29,0,33,30,30,30,29,40,43,0,13,0,11,22,13,20,25,22,22,30,11,33,0,20,18,42,25,38,45,10,43,0,10,0,20,17,20,0,10,0,0,0,0,11,22,36,36,25,25,25,20,36,29,30,0,8,17,30,27,18,22,38,30,25,17,10,11,8,10,13,14,29,43,40,22,25,36,33,50,36,42,45,50,25,36,42,27,18,36,17,33,45,8,27,40,50,45,55,36,18,25,25,17,38,33,27,40,30,25,25,36,45,42,33,27,27,27,36,22,44,17,33,27,50,27,11,11,17,27,9,33,17,17,25,55,50,30,45,42,,67,33,29,25,0,17,33,25,30,0,0,9,8,17,25,25,0,33,27,17,0,17,25
NC_002669,22,45,44,30,36,36,36,36,22,18,11,42,18,15,17,0,0,13,38,25,29,15,25,40,14,14,33,17,17,27,21,27,18,14,11,11,20,11,17,29,11,29,33,30,33,42,54,57,25,40,25,17,29,18,15,27,21,21,23,17,25,31,42,31,15,26,36,25,20,25,42,45,36,36,44,46,33,50,36,44,46,31,50,50,25,42,15,33,38,23,14,21,25,13,17,25,33,42,54,31,17,21,25,16,33,36,37,21,14,19,19,36,15,13,15,17,17,17,17,17,31,20,21,15,25,21,8,8,21,31,31,17,26,26,23,62,38,46,38,46,67,,54,27,40,36,33,42,29,38,8,8,20,21,24,29,29,8,24,33,18,11,13,21
NC_019708,17,25,0,0,27,27,27,38,33,13,17,56,25,20,40,22,33,60,50,30,27,40,23,29,27,33,33,25,22,33,9,13,50,36,50,33,43,33,33,18,50,75,50,43,40,30,42,50,42,38,23,36,17,25,18,38,23,23,10,9,36,30,22,27,23,38,55,20,38,36,56,38,38,25,33,10,33,25,15,15,25,8,33,27,38,33,23,25,33,17,15,23,25,17,17,18,15,33,18,8,9,25,17,23,25,17,27,55,27,15,15,33,25,38,15,25,25,25,17,20,20,14,54,25,22,25,0,0,15,25,25,17,23,23,33,33,23,27,17,33,33,54,,50,38,50,42,42,23,30,25,25,17,23,8,23,17,11,15,25,31,50,15,46
NC_031091,40,42,20,36,25,25,25,50,50,33,30,33,17,33,40,25,40,33,27,30,18,36,17,9,27,40,29,43,33,33,25,33,33,50,40,40,36,30,43,25,30,38,30,27,40,30,56,20,43,44,50,33,30,33,40,8,8,44,20,50,50,45,36,40,38,25,42,50,33,56,55,50,25,25,30,8,8,25,38,25,33,29,40,44,25,38,38,42,44,33,25,33,50,29,38,33,58,50,17,11,33,43,29,42,33,0,0,45,17,27,27,40,22,20,38,25,25,25,38,30,42,36,22,11,36,20,10,10,50,56,44,29,25,25,29,33,50,10,22,29,29,27,50,,67,50,43,57,44,40,63,63,27,33,33,56,29,25,38,38,17,30,11,0
NC_022747,42,29,31,27,31,31,35,38,33,31,17,27,17,21,33,23,25,33,31,25,7,15,28,19,21,36,8,17,39,38,15,25,23,26,8,17,8,0,50,29,14,17,17,15,17,8,31,14,17,20,31,8,7,33,31,7,19,21,23,17,19,23,33,15,23,17,22,25,20,25,42,38,21,31,14,12,11,25,43,12,23,8,14,25,13,25,23,21,31,8,21,23,25,13,8,8,30,33,31,8,8,43,25,25,13,7,11,29,27,19,19,43,15,20,31,17,17,17,33,42,50,46,29,15,33,29,33,33,29,46,46,25,26,26,8,23,38,23,23,15,25,40,38,67,,62,50,58,43,31,42,42,20,29,47,57,36,31,41,50,22,42,27,21
NC_027398,36,23,27,25,15,15,15,38,36,38,27,38,42,42,50,25,27,30,45,10,18,18,15,8,27,40,14,43,31,31,23,17,23,15,18,18,17,9,38,15,27,44,36,33,50,40,44,40,43,44,40,22,20,23,20,31,31,22,0,33,17,27,18,30,0,23,38,60,23,33,27,46,31,38,27,23,15,13,0,25,11,0,20,11,13,25,13,31,44,22,25,38,25,43,13,22,31,25,17,0,17,29,14,33,0,0,17,18,17,18,18,20,22,20,38,38,38,38,38,50,33,33,0,22,36,40,20,20,25,22,44,14,13,13,14,22,13,10,0,0,0,36,50,50,62,,43,43,33,20,63,63,36,33,44,22,29,50,13,25,17,36,22,25
NC_031041,0,29,20,17,40,40,40,29,20,0,20,38,29,33,22,50,60,50,44,33,30,11,17,33,60,27,50,42,50,45,30,29,43,20,20,20,33,0,50,30,20,33,20,33,22,11,18,27,33,33,25,40,27,29,20,0,25,17,10,9,27,11,25,10,8,8,50,33,17,30,38,29,29,14,0,0,13,27,17,17,9,17,27,10,25,27,42,45,55,18,33,25,18,25,27,30,8,18,27,9,9,25,25,25,0,17,9,20,0,8,8,18,18,17,17,27,27,27,36,44,44,50,25,18,25,45,44,44,33,55,55,42,42,42,17,27,33,30,18,25,17,33,42,43,50,43,,83,42,50,36,36,9,33,33,42,25,44,25,36,17,80,33,17
NC_007024,0,14,20,0,30,30,30,29,20,0,0,25,14,22,11,38,40,25,33,33,30,0,8,17,40,18,42,33,38,36,20,29,29,30,20,20,17,0,50,20,20,33,20,17,22,11,18,27,25,25,25,30,27,29,20,0,25,33,30,27,27,22,38,20,17,8,40,22,17,20,38,29,29,14,0,0,13,36,33,33,27,33,27,30,17,36,42,36,36,36,33,17,27,25,27,30,25,36,45,27,27,42,42,33,13,17,18,30,10,17,17,27,27,17,17,36,36,36,45,56,56,67,33,18,50,27,22,22,33,45,55,58,42,42,25,36,33,40,36,42,33,42,42,57,58,43,83,,42,50,36,36,9,33,33,50,42,33,42,55,25,80,25,17
NC_021339,43,44,29,38,33,33,33,33,29,44,0,10,11,9,18,20,43,17,9,18,17,9,21,13,17,8,42,25,20,15,25,22,44,33,43,71,50,43,50,25,14,20,29,25,27,18,23,15,17,21,21,33,23,44,42,11,29,21,10,18,36,18,20,25,15,14,17,36,29,33,40,44,44,11,29,36,20,33,31,21,8,17,31,33,15,17,15,23,0,23,23,21,17,25,25,33,14,25,18,23,9,17,25,36,0,17,9,25,0,21,21,46,38,21,8,25,25,25,25,27,64,38,21,46,20,15,27,27,38,46,38,17,38,38,25,31,31,33,23,25,25,29,23,44,43,33,42,42,,80,50,50,31,64,29,36,8,11,0,0,0,14,0,15
NC_011373,67,60,100,50,25,25,25,40,0,40,33,17,20,0,0,33,0,0,14,29,25,14,15,25,13,0,40,20,0,11,38,40,40,25,33,33,25,33,0,25,0,0,33,50,14,14,33,33,10,18,9,25,22,20,25,40,31,10,8,9,31,14,17,13,0,8,25,29,15,25,33,40,20,0,33,57,17,22,18,20,33,18,33,25,8,11,10,22,11,22,27,15,22,54,22,25,17,33,25,33,27,17,30,23,18,11,23,38,13,40,40,56,44,20,10,22,22,22,44,29,57,25,30,56,17,22,14,14,36,56,56,30,46,46,45,44,30,63,44,55,30,38,30,40,31,20,50,50,80,,44,44,33,70,46,60,8,17,8,11,0,0,0,9
NC_022330,33,38,17,14,18,18,18,50,50,50,17,22,25,30,40,44,50,40,20,10,18,20,17,14,45,58,18,36,22,17,18,13,50,64,50,17,29,17,33,18,50,50,50,29,20,10,17,17,18,17,17,18,8,25,18,13,17,25,11,10,30,10,0,18,0,8,18,30,33,36,33,25,25,0,17,10,0,0,8,8,0,0,0,0,0,8,8,25,17,17,25,25,17,36,17,27,25,25,0,17,20,36,18,33,14,40,10,18,27,33,33,33,25,33,42,33,33,33,33,40,40,43,17,25,33,33,40,40,50,42,33,27,33,33,18,8,25,18,17,18,0,8,25,63,42,63,36,36,50,44,,100,67,67,33,25,9,25,17,25,8,33,33,8
NC_022085,33,38,17,14,18,18,18,50,50,50,17,22,25,30,40,44,50,40,20,10,18,20,17,14,45,58,18,36,22,17,18,13,50,64,50,17,29,17,33,18,50,50,50,29,20,10,17,17,18,17,17,18,8,25,18,13,17,25,11,10,30,10,0,18,0,8,18,30,33,36,33,25,25,0,17,10,0,0,8,8,0,0,0,0,0,8,8,25,17,17,25,25,17,36,17,27,25,25,0,17,20,36,18,33,14,40,10,18,27,33,33,33,25,33,42,33,33,33,33,40,40,43,17,25,33,33,40,40,50,42,33,27,33,33,18,8,25,18,17,18,0,8,25,63,42,63,36,36,50,44,100,,67,67,33,25,9,25,17,25,8,33,33,8
NC_016652,44,45,44,20,14,14,14,27,11,36,11,17,27,15,33,42,22,25,8,25,29,31,27,40,43,50,27,18,17,13,21,27,36,50,44,22,40,22,17,29,33,57,56,50,33,33,23,29,18,23,29,25,29,36,23,36,27,31,22,30,40,23,17,31,0,20,21,42,33,33,25,36,9,18,56,38,25,17,25,13,8,9,7,8,0,0,8,20,8,23,33,20,17,27,42,25,27,42,20,15,40,18,18,20,14,40,20,7,29,40,40,29,15,29,33,25,25,25,33,25,15,20,15,15,25,29,17,17,33,23,8,18,17,17,18,15,33,15,15,27,9,20,17,27,20,36,9,9,31,33,67,67,,46,38,15,9,25,8,17,20,11,46,17
NC_022324,57,44,29,25,33,33,33,33,29,44,14,20,33,18,18,20,14,17,18,18,25,36,21,50,17,23,25,17,0,0,17,11,44,42,43,14,25,43,0,17,29,20,43,25,18,18,23,31,8,14,14,17,15,22,17,22,36,21,20,18,36,18,10,17,8,21,17,27,29,33,30,22,22,0,29,18,10,25,23,14,8,8,15,17,0,0,0,8,8,38,46,29,17,33,25,42,14,25,9,15,18,8,17,21,0,17,9,42,25,36,36,54,31,29,23,33,33,33,33,36,36,25,14,38,20,15,18,18,46,31,38,17,38,38,33,23,8,33,23,42,8,21,23,33,29,33,33,33,64,70,67,67,46,,29,43,8,22,15,17,14,14,14,15
NC_021332,14,22,57,38,17,17,17,33,29,44,29,20,33,45,27,40,29,33,36,18,0,9,29,25,33,38,8,8,40,31,33,33,11,17,14,14,13,29,50,42,29,20,29,13,18,9,15,15,0,13,20,8,15,11,25,11,18,7,8,17,21,9,20,0,15,6,17,27,6,25,20,33,11,44,14,27,20,17,29,7,8,0,8,17,0,8,15,23,23,15,21,24,17,27,8,0,38,17,31,8,17,21,17,18,18,22,21,8,25,14,14,15,23,7,31,17,17,17,42,36,36,50,7,23,40,38,36,36,36,31,38,25,13,13,15,31,23,25,23,23,17,24,8,33,47,44,33,33,29,46,33,33,38,29,,57,50,50,19,42,33,57,53,36
NC_011022,29,22,43,13,25,25,25,33,14,11,14,10,11,18,0,20,14,0,18,36,8,18,21,50,8,8,8,8,10,8,17,22,11,17,0,0,0,14,0,25,0,0,0,13,0,0,15,8,0,0,14,0,15,11,25,11,14,21,20,27,18,18,30,17,31,21,8,9,14,17,30,33,22,11,0,27,10,33,38,7,23,8,15,33,8,17,15,15,15,31,31,14,17,25,25,25,36,25,27,15,27,33,33,14,25,0,18,42,33,29,29,38,38,21,31,33,33,33,58,45,64,50,36,23,30,15,27,27,46,54,46,42,38,38,33,38,31,50,54,50,25,29,23,56,57,22,42,50,36,60,25,25,15,43,57,,58,44,38,42,29,43,29,15
NC_027986,0,0,20,0,10,10,10,14,20,0,0,13,14,22,0,13,20,0,33,33,20,11,14,33,10,9,0,17,13,18,30,14,0,10,0,0,0,20,0,40,0,0,0,0,11,11,9,9,8,23,31,10,27,29,40,14,21,33,33,33,15,22,38,20,33,7,10,0,14,10,13,14,14,14,0,33,25,36,46,33,27,23,9,40,21,27,25,18,27,45,31,21,18,7,27,20,36,27,46,36,42,43,50,36,40,25,31,10,30,17,17,9,27,17,25,27,27,27,36,44,44,67,25,0,63,27,44,44,38,27,18,42,14,14,23,36,25,30,36,38,25,29,17,29,36,29,25,42,8,8,9,9,9,8,50,58,,45,43,64,46,60,38,23
NC_023706,0,25,0,33,14,14,14,25,50,0,0,20,25,17,17,20,50,0,50,17,14,17,31,33,29,38,11,33,40,25,29,0,25,14,0,0,33,0,0,57,0,0,0,33,33,33,25,13,22,10,30,43,38,25,43,25,23,33,42,40,23,33,20,0,33,38,43,33,8,57,20,0,0,0,0,17,20,25,30,22,25,20,13,29,17,38,22,38,63,38,50,38,25,33,25,14,18,13,18,13,20,36,22,25,17,0,8,0,43,22,22,13,13,11,33,38,38,38,38,50,17,67,0,0,40,38,50,50,30,25,13,11,15,15,20,13,11,0,13,20,0,8,11,25,31,50,44,33,11,17,25,25,25,22,50,44,45,,38,50,20,100,50,20
NC_031019,0,0,17,0,18,18,18,13,17,0,0,0,0,20,10,11,17,0,20,30,18,10,10,43,18,17,8,25,11,17,9,13,0,18,0,0,0,17,0,27,0,0,0,0,20,20,33,17,25,14,21,27,33,25,27,13,23,46,38,33,25,40,44,18,38,25,27,10,35,18,33,25,13,13,0,10,22,33,36,46,58,46,33,36,38,50,54,50,50,50,43,29,33,13,17,18,53,50,54,25,25,43,42,19,20,7,21,9,27,31,31,17,8,15,31,33,33,33,42,40,30,43,15,0,33,25,30,30,43,25,17,33,16,16,15,25,23,18,17,38,33,24,15,38,41,13,25,42,0,8,17,17,8,15,19,38,43,38,,83,36,33,36,7
NC_001317,0,0,17,0,18,18,18,13,17,0,0,11,13,30,20,11,17,0,30,30,18,10,0,43,27,25,9,27,11,17,9,13,0,27,0,0,0,17,0,18,0,0,0,0,10,10,25,17,18,17,17,18,25,25,18,13,8,42,33,20,10,30,44,18,33,8,27,0,17,9,33,25,13,13,0,10,22,33,50,42,50,45,33,36,33,42,42,42,50,42,33,25,25,9,17,18,50,42,60,25,30,45,36,25,29,0,30,9,36,33,33,17,8,17,33,33,33,33,42,50,30,57,17,0,44,42,40,40,50,25,17,36,17,17,18,25,25,18,17,45,27,33,25,38,50,25,36,55,0,11,25,25,17,17,42,42,64,50,83,,42,50,50,17
NC_028999,10,8,30,18,13,13,13,0,10,25,20,23,33,14,8,15,10,11,23,42,21,38,44,45,21,29,17,8,31,25,13,33,33,33,30,30,36,40,29,40,30,13,20,9,25,17,8,14,17,13,13,25,21,25,23,17,11,21,18,17,17,23,25,23,38,22,27,17,39,25,25,8,25,42,30,14,31,8,29,24,31,23,21,17,29,8,38,13,23,31,21,11,33,23,17,25,44,33,58,31,17,23,25,33,44,57,25,43,40,25,25,14,15,27,15,17,17,17,25,25,29,36,43,15,33,21,8,8,29,15,15,42,29,29,23,15,15,31,38,23,17,18,31,17,22,17,17,25,0,0,8,8,20,14,33,29,46,20,36,42,,70,47,50
NC_025436,8,8,17,17,18,18,17,18,25,9,8,8,30,30,25,30,25,18,33,50,33,33,42,25,33,50,40,60,50,50,25,30,45,33,42,33,33,25,33,42,25,30,42,25,38,13,0,25,20,29,25,43,13,17,25,17,17,14,0,0,25,11,33,13,17,25,50,25,33,43,44,27,25,27,17,8,33,17,17,10,0,0,13,0,0,17,50,25,29,14,0,8,17,0,0,14,18,17,50,14,0,40,40,30,0,0,25,44,40,11,11,13,0,0,17,33,33,33,33,38,30,33,29,14,44,25,25,25,33,29,43,40,17,17,20,0,17,38,29,0,0,11,50,30,42,36,80,80,14,0,33,33,11,14,57,43,60,100,33,50,70,,71,50
NC_028980,0,11,29,25,17,17,17,11,29,11,14,10,22,36,27,40,29,17,27,27,8,27,33,50,42,62,25,33,50,38,8,22,33,42,29,29,38,43,25,33,29,20,29,25,18,9,0,15,0,7,7,25,15,11,8,33,20,0,0,8,17,9,20,17,15,7,25,18,13,33,30,11,22,44,43,18,40,17,21,0,0,8,8,0,0,8,23,8,23,15,14,20,8,8,17,8,33,8,33,15,17,15,17,20,22,43,25,17,33,29,29,15,8,21,38,33,33,33,42,45,18,38,21,8,40,46,36,36,36,38,23,33,14,14,8,15,23,25,23,23,17,13,15,11,27,22,33,25,0,0,33,33,46,14,53,29,38,50,36,50,47,71,,50
NC_016650,0,0,17,14,9,9,9,13,17,13,17,33,25,30,30,22,17,40,40,30,18,40,50,29,18,42,17,17,33,42,18,25,25,27,33,50,29,50,67,18,33,25,33,14,30,20,17,33,17,29,21,18,8,13,9,38,36,0,9,0,8,10,11,27,31,21,18,10,14,18,22,13,25,50,33,40,44,8,14,0,8,8,17,18,21,25,15,0,8,8,14,14,17,23,8,9,21,8,17,33,17,8,17,29,44,57,42,36,27,15,15,17,17,31,15,17,17,17,8,10,0,14,38,25,22,17,0,0,14,8,17,17,14,14,15,17,0,27,17,8,25,21,46,0,21,25,17,17,15,9,8,8,17,15,36,15,23,20,7,17,50,50,50,
